"sampleGroup","caseId","sourceDomain","discipline","rating","reviewStatus","createdAt","sourceUrl"
"国内高校","bf04d40c-7b7f-4133-9980-7689ef27d24f","news.pku.edu.cn","信息科学","0","approved","2026-05-29T03:03:50.219Z","https://news.pku.edu.cn/jxky/fbda2ce295e04343a63f960eac8a7c6e.htm"
"国内高校","04e19845-3613-43ed-9b40-e9463b384fbf","news.pku.edu.cn","化学","0","approved","2026-05-29T03:03:50.749Z","https://news.pku.edu.cn/jxky/8eaeb6f62608468eae4c1c503eeac408.htm"
"国内高校","9b42fc4e-cc14-4e8b-ad91-898b10c7123d","news.pku.edu.cn","生命科学","0","approved","2026-05-29T03:03:51.344Z","https://news.pku.edu.cn/jxky/00411502f1464adba77ac1597a94f308.htm"
"国内高校","657e7680-bc9f-4ddd-8d70-583dadf267df","news.pku.edu.cn","物理","0","approved","2026-05-29T03:03:51.660Z","https://news.pku.edu.cn/jxky/e5a21fed57184a28ad12821eeea0b9f7.htm"
"国内高校","06254aa4-1184-4035-b16d-c7f0d4aa7bc6","news.pku.edu.cn","物理","0","approved","2026-05-29T03:03:52.114Z","https://news.pku.edu.cn/jxky/1d6274dfce744fbcbde798a03b91bbc3.htm"
"国内高校","32f1916f-3278-4eb2-a20c-b78877b3f144","news.pku.edu.cn","综合交叉","0","approved","2026-05-29T03:03:53.157Z","https://news.pku.edu.cn/jxky/a386eef6b7de40ada58f4037749aa9c5.htm"
"国内高校","0edfa928-c296-4a8f-a07c-7aaaf3a3bf89","news.pku.edu.cn","环境科学","0","approved","2026-05-29T03:03:55.393Z","https://news.pku.edu.cn/jxky/f9f46c10af58487a996998288d117634.htm"
"国内高校","dda9ab29-1796-43cd-a295-58741cc058b6","news.pku.edu.cn","医学","0","approved","2026-05-29T03:03:57.997Z","https://news.pku.edu.cn/jxky/ca472908d20e4a3690fe788c545fdf6a.htm"
"国内高校","273be65f-0b4a-4336-aac1-2663a7d2287d","news.pku.edu.cn","化学","0","approved","2026-05-29T03:03:58.871Z","https://news.pku.edu.cn/jxky/7d8ebc68cb3242f487e5a1297f06137f.htm"
"国内高校","4a5b2f7d-ea37-4773-aa42-6e4b78b8dabf","news.pku.edu.cn","生命科学","0","approved","2026-05-29T03:03:59.886Z","https://news.pku.edu.cn/jxky/8b9446b97a284ca3b2200c7660a20400.htm"
"国内高校","024ff55a-ed1c-4508-8d2b-62efb3504c47","news.pku.edu.cn","不确定","0","approved","2026-05-29T03:04:00.414Z","https://news.pku.edu.cn/jxky/cf59fccbce7343529c1f755e4a026bdb.htm"
"国内高校","1fcfc645-8374-441d-b327-ea6b90400bfc","news.pku.edu.cn","信息科学","0","approved","2026-05-29T03:04:00.616Z","https://news.pku.edu.cn/jxky/9cd56ee97ff1482c928183f9c9beabd8.htm"
"国内高校","78d01391-9795-41ea-881e-5f95818714da","news.pku.edu.cn","环境科学","0","approved","2026-05-29T03:04:00.839Z","https://news.pku.edu.cn/jxky/df68476261cc4f5aa5f38efe26af29a2.htm"
"国内高校","2a502245-f95b-4779-b109-2c15e00cafa1","news.pku.edu.cn","综合交叉","0","approved","2026-05-29T03:04:01.368Z","https://news.pku.edu.cn/jxky/5d70019ac3c44918a7d066909b55911e.htm"
"国内高校","fb977e71-f61a-4578-a3b1-db610f20de24","news.pku.edu.cn","生命科学","0","approved","2026-05-29T03:04:02.819Z","https://news.pku.edu.cn/jxky/e986c54fd8084dbab5d32f572050c28a.htm"
"国内高校","f7a20510-564e-4579-ab68-454c30f9320c","news.pku.edu.cn","物理","0","approved","2026-05-29T03:04:10.894Z","https://news.pku.edu.cn/jxky/ecdbfede0aac46b299d11a26e02c4bde.htm"
"国内高校","3564e58b-e68e-4cfe-9062-a8fbcd9c9205","news.pku.edu.cn","环境科学","0","approved","2026-05-29T03:04:12.306Z","https://news.pku.edu.cn/jxky/443683c4f8154b6f82086024660d01a6.htm"
"国内高校","ac791131-86d8-4c3a-974c-3e3d0c35c90e","news.pku.edu.cn","生命科学","0","approved","2026-05-29T03:04:13.684Z","https://news.pku.edu.cn/jxky/badd51384629403593d51e9aacc63ac0.htm"
"国内高校","cd5250c6-3712-49cf-9199-f2a079a8bb92","news.pku.edu.cn","生命科学","0","approved","2026-05-29T03:04:15.454Z","https://news.pku.edu.cn/jxky/7e5714749a8847d598cd1623a087ced9.htm"
"国内高校","7535c165-808e-4bd4-a31b-a119bd2f7921","news.pku.edu.cn","生命科学","0","approved","2026-05-29T03:04:16.363Z","https://news.pku.edu.cn/jxky/e36860bbb203450d9b1e0f08763c3957.htm"
"国内高校","fe4af984-29ec-4f58-af52-8d28d0824299","news.pku.edu.cn","综合交叉","0","approved","2026-05-29T03:04:16.514Z","https://news.pku.edu.cn/jxky/163b428fb4f04b1f88ff79c0740b206d.htm"
"国内高校","0b843bfc-db52-40df-a73d-58fc30bda5ec","news.pku.edu.cn","物理","0","approved","2026-05-29T03:04:17.070Z","https://news.pku.edu.cn/jxky/7d4a3dea24754cf8869292d582a2ec86.htm"
"国内高校","98cfe71a-6343-4dd9-b0b1-750796bed508","news.pku.edu.cn","生命科学","0","approved","2026-05-29T03:04:19.036Z","https://news.pku.edu.cn/jxky/62e031003474428da3b520812fc84cb9.htm"
"国内高校","6b9b7a81-fb4a-4f77-8103-a4b1b3b1dfea","news.pku.edu.cn","医学","0","approved","2026-05-29T03:04:21.723Z","https://news.pku.edu.cn/jxky/37d5a37e68bf4e4aae2a97bb571031c0.htm"
"国内高校","506805c6-d12a-4d34-bad3-df101616a846","news.pku.edu.cn","信息科学","0","approved","2026-05-29T03:04:21.988Z","https://news.pku.edu.cn/jxky/2a72761c23e64facbfe20f23028f9b43.htm"
"国内高校","3f71b72c-edbe-479a-93d3-f07b54b0a85d","news.pku.edu.cn","综合交叉","0","approved","2026-05-29T03:04:23.688Z","https://news.pku.edu.cn/jxky/f4d4117bd423475daef8be40029a763c.htm"
"国内高校","8a7d8fc4-8c31-42d2-bb34-67d3cf76f71d","news.pku.edu.cn","物理","0","approved","2026-05-29T03:04:26.834Z","https://news.pku.edu.cn/jxky/8b1eff45918f4787b943ca10acac1cb2.htm"
"国内高校","a822a135-f034-4de8-9f67-e19f08bd1a75","news.pku.edu.cn","信息科学","0","approved","2026-05-29T03:04:27.421Z","https://news.pku.edu.cn/jxky/7f99b40130cd46fa82405d24e29c9e25.htm"
"国内高校","6c9b5de3-bc14-42c6-a317-52eae9cb37e4","news.pku.edu.cn","物理","0","approved","2026-05-29T03:04:27.634Z","https://news.pku.edu.cn/jxky/9ddeda4ffdc14f47a5ff8acba2f36ac0.htm"
"国内高校","1e3a2e46-1009-4ff4-9d7f-7324190f61f1","news.pku.edu.cn","综合交叉","0","approved","2026-05-29T03:04:28.161Z","https://news.pku.edu.cn/jxky/8ea462b0676247219cd93b2aa272da4e.htm"
"国内高校","11b874bc-f3b8-4a38-8153-54e5811948e9","www.tsinghua.edu.cn","生命科学","0","approved","2026-05-29T03:03:15.926Z","https://www.tsinghua.edu.cn/info/1175/126417.htm"
"国内高校","35f21213-7c0d-4a4b-9ed8-f456227a04cb","www.tsinghua.edu.cn","物理","0","approved","2026-05-29T03:03:16.694Z","https://www.tsinghua.edu.cn/info/1175/126352.htm"
"国内高校","e650bcb8-0854-4819-8440-f1b105fffda0","www.tsinghua.edu.cn","信息科学","0","approved","2026-05-29T03:03:18.118Z","https://www.tsinghua.edu.cn/info/1175/126308.htm"
"国内高校","760d8f2f-0a5d-4124-98ee-6da1afe0eec7","www.tsinghua.edu.cn","环境科学","0","approved","2026-05-29T03:03:20.722Z","https://www.tsinghua.edu.cn/info/1175/126256.htm"
"国内高校","5b34aa00-f36a-4177-a9d7-58804138812f","www.tsinghua.edu.cn","医学","0","approved","2026-05-29T03:03:21.719Z","https://www.tsinghua.edu.cn/info/1175/126129.htm"
"国内高校","fd940177-cd04-431f-8e54-57be5f29a550","www.tsinghua.edu.cn","生命科学","0","approved","2026-05-29T03:03:22.278Z","https://www.tsinghua.edu.cn/info/1175/126105.htm"
"国内高校","bd95e57b-a929-4116-8b96-2713cb32c0ca","www.tsinghua.edu.cn","生命科学","0","approved","2026-05-29T03:03:24.076Z","https://www.tsinghua.edu.cn/info/1175/126127.htm"
"国内高校","d0f8254e-dd33-415f-9e42-e96913d9e103","www.tsinghua.edu.cn","环境科学","0","approved","2026-05-29T03:03:25.964Z","https://www.tsinghua.edu.cn/info/1175/126020.htm"
"国内高校","81e568aa-eed9-419c-b33b-2946ac03a0e0","www.tsinghua.edu.cn","生命科学","0","approved","2026-05-29T03:03:30.403Z","https://www.tsinghua.edu.cn/info/1175/125986.htm"
"国内高校","0600d8a7-fc76-4964-9f9d-64c63a8badc4","www.tsinghua.edu.cn","工程","0","approved","2026-05-29T03:03:31.083Z","https://www.tsinghua.edu.cn/info/1175/126087.htm"
"国内高校","345fe1e1-b010-4f22-8527-8314ab6ceb75","www.tsinghua.edu.cn","信息科学","0","approved","2026-05-29T03:03:33.099Z","https://www.tsinghua.edu.cn/info/1175/125903.htm"
"国内高校","de8c87c7-3c84-4463-9708-a81bb553b648","www.tsinghua.edu.cn","工程","0","approved","2026-05-29T03:03:34.779Z","https://www.tsinghua.edu.cn/info/1175/125894.htm"
"国内高校","b90546fd-32b9-4261-839a-64c715e640f3","www.tsinghua.edu.cn","环境科学","0","approved","2026-05-29T03:03:37.301Z","https://www.tsinghua.edu.cn/info/1175/125568.htm"
"国内高校","cebbb530-4058-4048-906c-a3daf6819f9c","www.tsinghua.edu.cn","工程","0","approved","2026-05-29T03:03:38.340Z","https://www.tsinghua.edu.cn/info/1175/125461.htm"
"国内高校","32b01e05-dab5-4909-a37d-c133d1467bb9","www.tsinghua.edu.cn","化学","0","approved","2026-05-29T03:03:41.027Z","https://www.tsinghua.edu.cn/info/1175/125438.htm"
"国内高校","226fbad0-33d0-4cc6-868c-13e5f798f52f","www.tsinghua.edu.cn","生命科学","0","approved","2026-05-29T03:03:42.766Z","https://www.tsinghua.edu.cn/info/1175/125354.htm"
"国内高校","d7e5455c-c848-4289-b9ab-422cd29dba72","www.tsinghua.edu.cn","环境科学","0","approved","2026-05-29T03:03:44.954Z","https://www.tsinghua.edu.cn/info/1175/125184.htm"
"国内高校","30c740bf-975e-4db7-b8e3-011be5fa9825","www.tsinghua.edu.cn","化学","0","approved","2026-05-29T03:03:45.889Z","https://www.tsinghua.edu.cn/info/1175/125549.htm"
"国内高校","d42b3908-cec7-409b-971f-b557f682f86f","www.tsinghua.edu.cn","工程","0","approved","2026-06-10T13:35:48.019Z","https://www.tsinghua.edu.cn/info/3245/126185.htm"
"国内高校","72aa1598-b6c4-4c4e-af32-064f004299c0","www.tsinghua.edu.cn","综合交叉","0","approved","2026-06-10T13:35:48.613Z","https://www.tsinghua.edu.cn/info/3245/126479.htm"
"国内高校","04800a5f-bea9-42f2-ad09-109323c7eecf","www.tsinghua.edu.cn","工程","0","approved","2026-06-10T13:35:49.736Z","https://www.tsinghua.edu.cn/info/3245/126185.htm"
"国内高校","7acd5636-9e9a-470e-aca2-ed8e9ece8bb0","www.tsinghua.edu.cn","综合交叉","0","approved","2026-06-10T13:35:50.607Z","https://www.tsinghua.edu.cn/info/3245/126479.htm"
"国内高校","41ad231d-1c1c-4bcf-888e-96de4f570c40","www.tsinghua.edu.cn","工程","0","approved","2026-06-10T13:35:51.736Z","https://www.tsinghua.edu.cn/info/3245/126185.htm"
"国内高校","7335d427-1c0a-4289-9d6e-bef6555e2b3d","www.tsinghua.edu.cn","工程","0","approved","2026-06-10T13:35:52.418Z","https://www.tsinghua.edu.cn/info/1175/126465.htm"
"国内高校","2e79eb1f-0a93-4352-8d21-51286be46311","www.tsinghua.edu.cn","医学","0","approved","2026-06-10T13:35:55.813Z","https://www.tsinghua.edu.cn/info/1178/126442.htm"
"国内高校","d2c5a688-3f95-40e4-b81f-1cdf829647fe","www.tsinghua.edu.cn","综合交叉","0","approved","2026-06-10T13:36:01.654Z","https://www.tsinghua.edu.cn/info/1178/126524.htm"
"国内高校","6e8c4dea-cdef-4b39-81ca-2ae0c3cc481c","www.tsinghua.edu.cn","综合交叉","0","approved","2026-06-10T13:43:44.188Z","https://www.tsinghua.edu.cn/zjqh/xyfg.htm"
"国内高校","2cf605ef-dbda-47da-9fe6-3ee86094389d","www.tsinghua.edu.cn","综合交叉","0","approved","2026-06-10T13:43:44.624Z","https://www.tsinghua.edu.cn/zjqh/xyfg.htm"
"国内高校","bea65c6b-8657-4c4d-9820-e3b4b59f7a4a","www.tsinghua.edu.cn","不确定","0","approved","2026-06-10T13:43:45.157Z","https://www.tsinghua.edu.cn/zjqh/xyfg.htm"
"国内高校","eecc5363-0428-4955-adcf-e3af5f035450","www.tsinghua.edu.cn","综合交叉","0","approved","2026-06-10T13:43:45.779Z","https://www.tsinghua.edu.cn/zjqh/xyfg/xydt.htm"
"企业参照","1840d6cf-bd8b-4b2a-a1a6-afbeed2a60f1","news.xbox.com","综合交叉","0","approved","2026-06-05T14:52:32.760Z","https://news.xbox.com/en-us/2026/06/01/xbox-games-showcase-2026-gears-of-war-e-day-direct-how-to-watch/"
"企业参照","454e53cd-e62a-4dd5-95fa-22d756240b7e","news.xbox.com","信息科学","0","approved","2026-06-05T14:52:33.143Z","https://news.xbox.com/en-us/2026/06/01/xbox-games-showcase-2026-gears-of-war-e-day-direct-how-to-watch/"
"企业参照","f07ec88d-fdaa-4092-b230-c7f9529a50d6","news.xbox.com","信息科学","0","approved","2026-06-05T14:52:33.584Z","https://news.xbox.com/en-us/2026/06/01/xbox-games-showcase-2026-gears-of-war-e-day-direct-how-to-watch/"
"企业参照","6c7a4fcf-11f7-49f1-9b52-2acfba236d8f","news.xbox.com","信息科学","0","approved","2026-06-05T14:52:34.210Z","https://news.xbox.com/en-us/2026/06/01/xbox-games-showcase-2026-gears-of-war-e-day-direct-how-to-watch/"
"企业参照","fe97055c-94c8-4b32-b802-b0d26073343c","news.xbox.com","综合交叉","0","approved","2026-06-05T14:52:34.892Z","https://news.xbox.com/en-us/2026/06/03/xbox-game-pass-june-2026-wave-1/"
"企业参照","8df637f3-bdbf-4996-8135-edf354b936d0","news.xbox.com","综合交叉","0","approved","2026-06-05T14:52:35.364Z","https://news.xbox.com/en-us/2026/06/03/xbox-game-pass-june-2026-wave-1/"
"企业参照","440bf24a-e576-4c48-867a-ecc1d15b53ba","news.xbox.com","综合交叉","0","approved","2026-06-05T14:52:35.808Z","https://news.xbox.com/en-us/2026/06/03/xbox-game-pass-june-2026-wave-1/"
"企业参照","b4ca7627-dd7f-43ef-8ca7-83d8859649f6","news.xbox.com","综合交叉","0","approved","2026-06-05T14:52:36.093Z","https://news.xbox.com/en-us/2026/06/03/xbox-game-pass-june-2026-wave-1/"
"企业参照","751b02e6-b3e7-429b-935e-27366b06cd58","news.xbox.com","信息科学","0","approved","2026-06-05T14:52:36.438Z","https://news.xbox.com/en-us/2026/06/03/xbox-game-pass-june-2026-wave-1/"
"企业参照","054a2cf9-f550-4e9b-b0a2-3311e7f3d749","news.xbox.com","综合交叉","0","approved","2026-06-05T14:52:38.045Z","https://news.xbox.com/en-us/2026/06/04/way-to-the-woods-sgf-preview/"
"企业参照","c6415291-3141-4c54-8241-7866a030283b","news.xbox.com","综合交叉","0","approved","2026-06-05T14:52:38.475Z","https://news.xbox.com/en-us/2026/06/04/way-to-the-woods-sgf-preview/"
"企业参照","a12c915c-0cc1-45b2-8c03-e96116425c79","news.xbox.com","信息科学","0","approved","2026-06-05T14:52:38.834Z","https://news.xbox.com/en-us/2026/06/04/way-to-the-woods-sgf-preview/"
"企业参照","c4e929df-9a50-42f8-af9c-8d06b939c613","news.xbox.com","信息科学","0","approved","2026-06-05T14:52:39.182Z","https://news.xbox.com/en-us/2026/06/04/way-to-the-woods-sgf-preview/"
"企业参照","3288bfe4-ac56-4753-9fb3-47450351f63b","news.xbox.com","综合交叉","0","approved","2026-06-05T14:52:39.641Z","https://news.xbox.com/en-us/2026/06/04/way-to-the-woods-sgf-preview/"
"企业参照","6f8f216e-d8fa-47b4-b779-b17a18d40bd5","news.xbox.com","信息科学","0","approved","2026-06-05T14:52:42.579Z","https://news.xbox.com/en-us/2026/04/02/xbox-fanfest-tour/"
"企业参照","bd48e1b4-1d22-4f59-88de-9249f2046b0d","news.xbox.com","信息科学","0","approved","2026-06-05T14:52:43.302Z","https://news.xbox.com/en-us/2026/04/02/xbox-fanfest-tour/"
"企业参照","2412efb2-7655-4c61-a6af-793e680fbb26","news.xbox.com","综合交叉","0","approved","2026-06-05T14:52:44.530Z","https://news.xbox.com/en-us/2026/05/18/forza-horizon-6-japan-landmarks-launch-xbox/"
"企业参照","e57862c0-b361-442e-a333-04fbd2e7fe1c","news.xbox.com","综合交叉","0","approved","2026-06-05T14:52:44.963Z","https://news.xbox.com/en-us/2026/05/18/forza-horizon-6-japan-landmarks-launch-xbox/"
"企业参照","7a27b38f-8030-43e4-8893-d40c4b0a0318","news.xbox.com","信息科学","0","approved","2026-06-05T14:52:45.488Z","https://news.xbox.com/en-us/2026/05/18/forza-horizon-6-japan-landmarks-launch-xbox/"
"企业参照","ca1ce231-3724-4ef6-9e78-58f3e1cf8cd1","news.xbox.com","信息科学","0","approved","2026-06-05T14:52:46.089Z","https://news.xbox.com/en-us/2026/05/18/forza-horizon-6-japan-landmarks-launch-xbox/"
"企业参照","caf010a8-3702-4cd6-b9b3-300d9c689ee4","news.xbox.com","信息科学","0","approved","2026-06-05T14:52:47.054Z","https://news.xbox.com/en-us/2026/04/20/forza-horizon-6-limited-edition-xbox-controller-and-headset/"
"企业参照","131b0753-2845-453e-9f28-1cc79f038958","news.xbox.com","工程","0","approved","2026-06-05T14:52:47.452Z","https://news.xbox.com/en-us/2026/04/20/forza-horizon-6-limited-edition-xbox-controller-and-headset/"
"企业参照","1bcf78bb-5750-436d-ab77-6ba9e2afe8b3","news.xbox.com","工程","0","approved","2026-06-05T14:52:47.882Z","https://news.xbox.com/en-us/2026/04/20/forza-horizon-6-limited-edition-xbox-controller-and-headset/"
"企业参照","e4158acd-87cf-4622-ace7-e2d57263c185","news.xbox.com","工程","0","approved","2026-06-05T14:52:48.292Z","https://news.xbox.com/en-us/2026/04/20/forza-horizon-6-limited-edition-xbox-controller-and-headset/"
"企业参照","9279adf5-40f9-4e54-94ef-cb6f6c4eca90","news.xbox.com","信息科学","0","approved","2026-06-05T14:52:48.642Z","https://news.xbox.com/en-us/2026/04/20/forza-horizon-6-limited-edition-xbox-controller-and-headset/"
"企业参照","30b2948f-ab4f-4752-b1e2-c410bf9a7c74","news.xbox.com","信息科学","0","approved","2026-06-05T14:52:49.391Z","https://news.xbox.com/en-us/2026/05/29/xbox-insiders-july-2026-console-features/"
"企业参照","2ace5107-b45d-45d7-a5ae-b9386557ced7","news.xbox.com","信息科学","0","approved","2026-06-05T14:52:49.766Z","https://news.xbox.com/en-us/2026/05/29/xbox-insiders-july-2026-console-features/"
"企业参照","66ba0177-3748-4f56-aa82-db8294bc0b10","news.xbox.com","信息科学","0","approved","2026-06-05T14:52:50.124Z","https://news.xbox.com/en-us/2026/05/29/xbox-insiders-july-2026-console-features/"
"企业参照","d496798a-929d-4182-95e9-11bf3925252e","news.xbox.com","信息科学","0","approved","2026-06-05T14:52:50.606Z","https://news.xbox.com/en-us/2026/05/29/xbox-insiders-july-2026-console-features/"
"企业参照","172b1e52-8cb7-4595-a1c4-acb9bb016fc1","news.xbox.com","信息科学","0","approved","2026-06-05T14:52:51.127Z","https://news.xbox.com/en-us/2026/05/29/xbox-insiders-july-2026-console-features/"
"企业参照","4811b5e6-df8a-4ac0-99fb-88f3cdec033c","physicsworld.com","物理","0","approved","2026-06-05T15:41:48.682Z","https://physicsworld.com/a/new-bolometer-achieves-sub-zeptojoule-resolution/"
"企业参照","243d132e-88ea-4a26-8b46-3633ab4a11a0","physicsworld.com","综合交叉","0","approved","2026-06-05T15:41:50.469Z","https://physicsworld.com/a/pigeons-immune-system-can-sense-earths-magnetic-field-study-suggests/"
"企业参照","b469770f-1e2b-4c2a-9e5a-a756a8942600","physicsworld.com","物理","0","approved","2026-06-05T15:41:52.972Z","https://physicsworld.com/a/experiment-that-may-or-may-not-disprove-bohmian-mechanics-continues-to-spark-debate/"
"企业参照","dbe17cba-eedd-4531-a0aa-9b03bdf72bdc","physicsworld.com","物理","0","approved","2026-06-05T15:41:54.530Z","https://physicsworld.com/a/photonic-glasses-deliver-angle-independent-structural-colour-including-reds/"
"企业参照","36486c3f-b452-417f-9472-646b0eb325c3","physicsworld.com","物理","0","approved","2026-06-05T15:41:55.910Z","https://physicsworld.com/a/physicists-create-mechanical-memory-device-from-slap-bracelet-like-structures/"
"企业参照","6d475ca4-086c-477b-8232-8a58a66afd80","physicsworld.com","物理","0","approved","2026-06-05T15:42:00.263Z","https://physicsworld.com/a/radar-identifies-insect-species-via-reflections-from-wingbeats/"
"企业参照","9e4e5e77-fe03-4935-a013-f40d0e2581fb","physicsworld.com","物理","0","approved","2026-06-05T15:42:02.495Z","https://physicsworld.com/a/tiny-droplets-of-primordial-soup-appear-in-oxygen-collisions/"
"企业参照","d46cfcdb-24f0-4144-8c53-1be080141ed9","physicsworld.com","物理","0","approved","2026-06-05T15:42:04.607Z","https://physicsworld.com/a/muon-g%e2%88%922-calculation-sets-precision-record-and-backs-the-standard-model/"
"企业参照","f7ca19c0-87eb-4fb3-854c-6ad55dc19933","physicsworld.com","材料","0","approved","2026-06-05T15:51:15.221Z","https://physicsworld.com/a/materials-characterization-and-fabrication-centre-serves-academia-and-industry/"
"企业参照","d067ca82-1634-4dd8-a76f-69234167c168","physicsworld.com","物理","0","approved","2026-06-05T15:51:18.290Z","https://physicsworld.com/a/microscience-2008-offers-a-hands-on-approach-to-microscopy/"
"企业参照","eb050625-1b41-497d-9453-91383dbe1959","physicsworld.com","物理","0","approved","2026-06-05T15:51:20.502Z","https://physicsworld.com/a/optical-tweezers-where-physics-meets-biology/"
"企业参照","4291584f-5b36-4666-bd98-a423dd8e9985","physicsworld.com","工程","0","approved","2026-06-05T15:51:22.535Z","https://physicsworld.com/a/the-measurement-fair-returns-to-nuremberg/"
"企业参照","7e1a5d8b-1e98-447e-ba6b-3f6401dd9847","physicsworld.com","物理","0","approved","2026-06-05T15:51:25.864Z","https://physicsworld.com/a/more-accurate-dosimetry-for-electronic-brachytherapy/"
"企业参照","b1a685d4-71d0-4b3c-af89-3b0c0624a293","physicsworld.com","医学","0","approved","2026-06-05T15:51:26.650Z","https://physicsworld.com/a/more-accurate-dosimetry-for-electronic-brachytherapy/"
"企业参照","b0dc62f4-b41b-4e5b-b4f4-c124dc7b4dac","physicsworld.com","信息科学","0","approved","2026-06-05T15:51:28.587Z","https://physicsworld.com/a/realistic-visions-for-augmented-reality-headsets/"
"企业参照","a1aba0d6-3aeb-4c15-af7e-ecade4e26390","physicsworld.com","信息科学","0","approved","2026-06-05T15:51:31.408Z","https://physicsworld.com/a/moores-law-further-progress-will-push-hard-on-the-boundaries-of-physics-and-economics/"
"企业参照","9f84271c-e7ca-4233-80a9-d50d8f9fe343","physicsworld.com","信息科学","0","approved","2026-06-05T15:51:32.164Z","https://physicsworld.com/a/moores-law-further-progress-will-push-hard-on-the-boundaries-of-physics-and-economics/"
"企业参照","54f9ef35-a272-4d29-ac3e-bf3c7d619c2b","physicsworld.com","信息科学","0","approved","2026-06-05T15:51:32.954Z","https://physicsworld.com/a/moores-law-further-progress-will-push-hard-on-the-boundaries-of-physics-and-economics/"
"企业参照","6f92d815-8766-4b56-891f-f6c11db2d1d0","physicsworld.com","信息科学","0","approved","2026-06-05T15:51:35.650Z","https://physicsworld.com/a/moores-law-further-progress-will-push-hard-on-the-boundaries-of-physics-and-economics/"
"企业参照","0a948296-52b8-406f-9fa7-5d679bc14a3a","physicsworld.com","医学","0","approved","2026-06-05T15:51:37.639Z","https://physicsworld.com/a/oculomics-a-window-to-the-health-of-the-body/"
"企业参照","9c4dce76-c773-4f74-aaa0-a185c26b0069","physicsworld.com","医学","0","approved","2026-06-05T15:51:38.363Z","https://physicsworld.com/a/oculomics-a-window-to-the-health-of-the-body/"
"企业参照","7b83761c-1e05-4c10-bb2e-b3919d7edc65","physicsworld.com","物理","0","approved","2026-06-05T15:51:39.617Z","https://physicsworld.com/a/oculomics-a-window-to-the-health-of-the-body/"
"企业参照","05797a3f-ca70-4f6e-b8ec-db78ca9668f4","physicsworld.com","生命科学","0","approved","2026-06-05T15:51:42.049Z","https://physicsworld.com/a/cryo-electron-tomography-reveals-structure-of-alzheimers-plaques-and-tangles-in-the-brain/"
"企业参照","4d6b68f9-75e5-4add-a66b-0d2d1d8ba223","physicsworld.com","生命科学","0","approved","2026-06-05T15:51:43.022Z","https://physicsworld.com/a/cryo-electron-tomography-reveals-structure-of-alzheimers-plaques-and-tangles-in-the-brain/"
"企业参照","3b35d4d4-521b-4a4f-a576-9f9d94aa7f6a","physicsworld.com","物理","0","approved","2026-06-05T15:51:45.022Z","https://physicsworld.com/a/seeing-with-electrons/"
"企业参照","35b6a782-00a3-4afa-be0e-8222c3ae9382","physicsworld.com","物理","0","approved","2026-06-05T15:51:46.374Z","https://physicsworld.com/a/seeing-with-electrons/"
"企业参照","70823f9d-c33d-408c-a5e9-25e7b50099e9","physicsworld.com","物理","0","approved","2026-06-05T15:51:47.160Z","https://physicsworld.com/a/seeing-with-electrons/"
"企业参照","e5a1bd21-d97b-4607-9340-5db53c05a798","physicsworld.com","物理","0","approved","2026-06-05T15:51:47.833Z","https://physicsworld.com/a/seeing-with-electrons/"
"企业参照","9cdab90d-4b20-42bb-9b55-22acb79760e8","physicsworld.com","物理","0","approved","2026-06-05T15:51:51.090Z","https://physicsworld.com/a/red-carpet-physics/"
"企业参照","fbbb6a30-ce02-44c6-9876-fd59e6da42e5","physicsworld.com","物理","0","approved","2026-06-05T15:51:51.744Z","https://physicsworld.com/a/red-carpet-physics/"
"企业参照","fb09753b-282f-4d15-bbd1-8834fb0b32c6","www.airbus.com","工程","0","approved","2026-06-03T01:38:32.204Z","https://www.airbus.com/en/newsroom/stories/2026-05-smarter-firefighting-airbus-unveils-wildfire-sentinel-to-interconnect-the-front-line"
"企业参照","03d7ee1a-27c3-46dc-bd20-641c1b2acd14","www.airbus.com","工程","0","approved","2026-06-03T01:38:38.945Z","https://www.airbus.com/en/newsroom/stories/2026-05-teaming-for-teaming-airbus-connects-with-singapore-for-pioneering-collaboration"
"企业参照","9377ad8d-3719-4abc-a713-07cac96373c7","www.airbus.com","工程","0","approved","2026-06-03T01:38:42.737Z","https://www.airbus.com/en/newsroom/stories/2026-05-engineering-the-worlds-largest-cargo-door-inside-the-a350f"
"企业参照","287fa594-16a0-4d3c-9ff5-fd8cfa6843e2","www.airbus.com","工程","0","approved","2026-06-05T14:56:37.421Z","https://www.airbus.com/en/newsroom/stories/2026-06-meet-the-versatile-airbus-robot-automating-aircraft-seat-installation"
"企业参照","6ab9d4b5-2ef7-46f3-bb1a-19243c3b8026","www.airbus.com","工程","0","approved","2026-06-05T14:56:38.239Z","https://www.airbus.com/en/newsroom/stories/2026-06-meet-the-versatile-airbus-robot-automating-aircraft-seat-installation"
"企业参照","62798295-7545-4e4d-9e3b-fb4c97e70f58","www.airbus.com","工程","0","approved","2026-06-05T14:56:38.991Z","https://www.airbus.com/en/newsroom/stories/2026-06-meet-the-versatile-airbus-robot-automating-aircraft-seat-installation"
"企业参照","f7365f1a-a2be-4ec0-9a30-f77dcec3b634","www.airbus.com","工程","0","approved","2026-06-05T14:56:40.560Z","https://www.airbus.com/en/newsroom/stories/2026-06-countdown-to-the-worlds-longest-commercial-flights-the-airbus-a350-1000ulr"
"企业参照","1697b6d2-1e50-43a3-96af-3fefa62efa2f","www.airbus.com","工程","0","approved","2026-06-05T14:56:41.219Z","https://www.airbus.com/en/newsroom/stories/2026-06-countdown-to-the-worlds-longest-commercial-flights-the-airbus-a350-1000ulr"
"企业参照","604b390e-8d00-4b62-8efe-5e82d8e12aab","www.airbus.com","工程","0","approved","2026-06-05T14:56:41.997Z","https://www.airbus.com/en/newsroom/stories/2026-06-countdown-to-the-worlds-longest-commercial-flights-the-airbus-a350-1000ulr"
"企业参照","b10a068a-2466-49cc-b074-c7a3ab97e564","www.airbus.com","工程","0","approved","2026-06-05T14:56:43.420Z","https://www.airbus.com/en/newsroom/stories/2026-06-countdown-to-the-worlds-longest-commercial-flights-the-airbus-a350-1000ulr"
"企业参照","9ea75a48-9583-47ca-a883-45e3cb3a7d4e","www.airbus.com","工程","0","approved","2026-06-05T14:56:45.780Z","https://www.airbus.com/en/newsroom/stories/2026-05-testing-the-a350fs-cargo-loading-and-main-deck-door-actuation-systems"
"企业参照","e3cff46b-8d1d-47fc-ab27-6f96aef5a1ac","www.airbus.com","工程","0","approved","2026-06-05T14:56:46.423Z","https://www.airbus.com/en/newsroom/stories/2026-05-testing-the-a350fs-cargo-loading-and-main-deck-door-actuation-systems"
"企业参照","d7a1e459-9d9a-4aef-af0e-a2ddcb7a047c","www.airbus.com","工程","0","approved","2026-06-05T14:56:47.022Z","https://www.airbus.com/en/newsroom/stories/2026-05-testing-the-a350fs-cargo-loading-and-main-deck-door-actuation-systems"
"企业参照","4c47a579-7a17-427f-b436-e3d855164fe0","www.airbus.com","工程","0","approved","2026-06-05T14:56:50.098Z","https://www.airbus.com/en/newsroom/stories/2026-05-testing-the-a350fs-cargo-loading-and-main-deck-door-actuation-systems"
"企业参照","14cac7bb-446d-4f86-bc00-aab81e875b62","www.airbus.com","材料","0","approved","2026-06-05T14:56:54.026Z","https://www.airbus.com/en/innovation/energy-transition"
"企业参照","ed2bea2c-5792-4d3f-8d15-322f18c3a1c0","www.airbus.com","工程","0","approved","2026-06-05T14:56:54.885Z","https://www.airbus.com/en/innovation/energy-transition"
"企业参照","51731a7e-5c44-49eb-b7ac-6eea1ea412c4","www.airbus.com","工程","0","approved","2026-06-05T14:56:55.292Z","https://www.airbus.com/en/innovation/energy-transition"
"企业参照","74334bf4-fd4c-48fe-9c69-eea75db07880","www.airbus.com","工程","0","approved","2026-06-05T14:56:57.338Z","https://www.airbus.com/en/innovation/aircraft-operations"
"企业参照","1958648e-7891-4bff-ba55-2f0e94e0c1a6","www.airbus.com","工程","0","approved","2026-06-05T14:56:58.553Z","https://www.airbus.com/en/innovation/aircraft-operations"
"企业参照","207fdce8-b3f8-4e12-adfe-109fd9cdc2e2","www.airbus.com","工程","0","approved","2026-06-05T14:57:01.359Z","https://www.airbus.com/en/innovation/digital-transformation"
"企业参照","64a892cb-962e-437f-bb77-b541e932b125","www.airbus.com","工程","0","approved","2026-06-05T14:57:04.132Z","https://www.airbus.com/en/innovation/future-aircraft"
"企业参照","96d6cc34-c5b4-4d78-885d-9c8af9667e53","www.airbus.com","工程","0","approved","2026-06-05T14:57:05.101Z","https://www.airbus.com/en/innovation/future-aircraft"
"企业参照","75f7b515-b31e-4f53-87e3-02f781965d0b","www.airbus.com","工程","0","approved","2026-06-05T14:57:05.669Z","https://www.airbus.com/en/innovation/future-aircraft"
"企业参照","3aff2978-9d3f-4756-9e17-80691f475319","www.airbus.com","信息科学","0","approved","2026-06-05T14:57:08.431Z","https://www.airbus.com/en/newsroom/stories/2026-04-smart-catering-reducing-cabin-food-waste-with-ai"
"企业参照","50f58c6b-5a76-444f-8fb1-1453fda3ac88","www.airbus.com","工程","0","approved","2026-06-05T14:57:11.625Z","https://www.airbus.com/en/newsroom/stories/2026-03-beyond-speed-racer-demonstrator-proves-agility-and-stability-in-latest-test-campaign"
"企业参照","fe1a6f93-f738-42aa-8d08-b6f14a60b3b2","www.airbus.com","工程","0","approved","2026-06-05T14:57:12.456Z","https://www.airbus.com/en/newsroom/stories/2026-03-beyond-speed-racer-demonstrator-proves-agility-and-stability-in-latest-test-campaign"
"企业参照","b6551393-f01d-46de-97be-1d6bd86c6ac9","www.airbus.com","工程","0","approved","2026-06-05T14:57:13.085Z","https://www.airbus.com/en/newsroom/stories/2026-03-beyond-speed-racer-demonstrator-proves-agility-and-stability-in-latest-test-campaign"
"企业参照","5b96fc6a-5234-414c-8e07-6f6434c60ffa","www.airbus.com","工程","0","approved","2026-06-05T14:57:17.789Z","https://www.airbus.com/en/newsroom/stories/2026-03-safety-first-h125-virtual-reality-simulator-deployed-in-nepal"
"企业参照","0007fab3-ad84-4157-a2a6-a86cd4a2de4c","www.airbus.com","工程","0","approved","2026-06-05T14:57:18.962Z","https://www.airbus.com/en/newsroom/stories/2026-03-safety-first-h125-virtual-reality-simulator-deployed-in-nepal"
"企业参照","b9159470-3a73-43c6-b52f-8818b2d12e11","www.airbus.com","工程","0","approved","2026-06-05T14:57:21.230Z","https://www.airbus.com/en/newsroom/stories/2026-03-safety-first-h125-virtual-reality-simulator-deployed-in-nepal"
"企业参照","326c4ce6-ffad-496b-a2c4-0249e0c1587d","www.asml.com","信息科学","0","approved","2026-06-04T16:04:00.113Z","https://www.asml.com/en/products/euv-lithography-systems"
"企业参照","e1604c70-eadc-48d9-988c-b5aa3eaecdba","www.asml.com","材料","0","approved","2026-06-05T14:52:54.227Z","https://www.asml.com/en/technology/lithography-principles"
"企业参照","b895e1a2-b27e-4d1c-b2dd-3270b158fac2","www.asml.com","信息科学","0","approved","2026-06-05T14:52:54.719Z","https://www.asml.com/en/technology/lithography-principles"
"企业参照","ec31ebf7-ff03-4540-9e63-b7305daa6ae8","www.asml.com","材料","0","approved","2026-06-05T14:52:58.231Z","https://www.asml.com/en/technology/all-about-microchips"
"企业参照","5495be1f-8a85-4f7f-b24a-1211784d2121","www.asml.com","信息科学","0","approved","2026-06-05T14:53:00.755Z","https://www.asml.com/en/technology/all-about-microchips"
"企业参照","09a3abe4-4b9f-4c0b-88db-8ba9e06f49f6","www.asml.com","信息科学","0","approved","2026-06-05T14:53:02.259Z","https://www.asml.com/en/technology/software"
"企业参照","93a2caa6-652b-42d6-9e5e-917b620d5d87","www.asml.com","信息科学","0","approved","2026-06-05T14:53:03.776Z","https://www.asml.com/en/technology/software"
"企业参照","4f469cf3-b6b0-47d5-ac0d-687235787e81","www.asml.com","工程","0","approved","2026-06-05T14:53:06.344Z","https://www.asml.com/en/company/governance/board-of-management"
"企业参照","7e3992c0-2b99-46d8-bc7e-c9226beabdea","www.asml.com","综合交叉","0","approved","2026-06-05T14:53:07.687Z","https://www.asml.com/en/company/governance/board-of-management"
"企业参照","5208a03b-43f1-4bda-ac02-d3869302d3ec","www.asml.com","综合交叉","0","approved","2026-06-05T14:53:08.416Z","https://www.asml.com/en/company/governance/board-of-management"
"企业参照","92e773bb-e0e8-4de4-acde-082a8fea1f5f","www.asml.com","综合交叉","0","approved","2026-06-05T14:53:11.004Z","https://www.asml.com/en/company/governance/supervisory-board"
"企业参照","43e19b1c-372c-4f3a-aa2b-fa4200ff37de","www.asml.com","综合交叉","0","approved","2026-06-05T14:53:12.609Z","https://www.asml.com/en/company/governance/supervisory-board"
"企业参照","e81aaef3-25ec-4016-9721-780b2f9804fb","www.asml.com","综合交叉","0","approved","2026-06-05T14:53:13.277Z","https://www.asml.com/en/company/governance/supervisory-board"
"企业参照","9d3c0952-786f-4689-b426-11ceea6c1856","www.asml.com","信息科学","0","approved","2026-06-05T14:53:17.112Z","https://www.asml.com/en/news/stories/2024/5-things-high-na-euv"
"企业参照","3899c540-6f64-4445-8345-58628829c4e3","www.asml.com","工程","0","approved","2026-06-05T14:53:18.689Z","https://www.asml.com/en/news/stories/2024/5-things-high-na-euv"
"企业参照","b5d57b64-bdeb-4d6c-8694-5760b5c2a70b","www.asml.com","信息科学","0","approved","2026-06-05T14:53:19.491Z","https://www.asml.com/en/news/stories/2024/5-things-high-na-euv"
"企业参照","8fe8fac7-266d-4a1d-ba04-9d319bf6cae7","www.asml.com","信息科学","0","approved","2026-06-05T14:53:21.893Z","https://www.asml.com/en/news/stories/2023/how-immersion-lithography-saved-moores-law"
"企业参照","e0bf4361-d5a0-4881-a6c7-ce51ad750e7e","www.asml.com","信息科学","0","approved","2026-06-05T14:53:23.005Z","https://www.asml.com/en/news/stories/2023/how-immersion-lithography-saved-moores-law"
"企业参照","f874b31e-5c80-4b94-afc2-e195c60b2c2f","www.asml.com","信息科学","0","approved","2026-06-05T14:53:23.628Z","https://www.asml.com/en/news/stories/2023/how-immersion-lithography-saved-moores-law"
"企业参照","36eb91c8-0717-413f-bca3-42a3bd6ec39c","www.asml.com","工程","0","approved","2026-06-05T14:53:26.154Z","https://www.asml.com/en/news/stories/2022/making-euv-lab-to-fab"
"企业参照","fe75e7f2-e11f-46ee-a429-19a04610d782","www.asml.com","工程","0","approved","2026-06-05T14:53:28.685Z","https://www.asml.com/en/news/stories/2022/making-euv-lab-to-fab"
"企业参照","9d004e71-5b9b-4211-9e9a-81b0ff77d780","www.asml.com","工程","0","approved","2026-06-05T14:53:31.554Z","https://www.asml.com/en/products/euv-lithography-systems/twinscan-exe-5000"
"企业参照","69b1d493-448d-4b29-ba8a-c3062b5f9cf6","www.asml.com","工程","0","approved","2026-06-05T14:53:33.213Z","https://www.asml.com/en/products/euv-lithography-systems/twinscan-exe-5000"
"企业参照","d5469af5-7302-4a19-9472-feb3c6e1f553","www.asml.com","工程","0","approved","2026-06-05T14:53:36.363Z","https://www.asml.com/en/products/euv-lithography-systems/twinscan-exe-5200b"
"企业参照","9014edda-eeda-4e98-a582-06c1486c08de","www.asml.com","工程","0","approved","2026-06-05T14:53:39.677Z","https://www.asml.com/en/products/euv-lithography-systems/twinscan-nxe-3800e"
"企业参照","1804751e-0f41-48b8-b40f-ec8693f98330","www.asml.com","工程","0","approved","2026-06-05T14:53:41.189Z","https://www.asml.com/en/products/euv-lithography-systems/twinscan-nxe-3800e"
"企业参照","2693ab3f-7cf6-4696-aae8-a64131fae8ab","www.asml.com","工程","0","approved","2026-06-05T14:53:43.786Z","https://www.asml.com/en/products/euv-lithography-systems/twinscan-nxe-3600d"
"企业参照","a58d3db2-b0b8-4aa4-87c4-17d22f9a6902","www.asml.com","工程","0","approved","2026-06-05T14:53:45.950Z","https://www.asml.com/en/products/euv-lithography-systems/twinscan-nxe-3600d"
"企业参照","39c5fd79-d32d-4949-aad0-98894d941a20","www.asml.com","工程","0","approved","2026-06-05T14:53:47.777Z","https://www.asml.com/en/products/euv-lithography-systems/twinscan-nxe3400c"
"企业参照","a08e1bcc-c382-4be6-aba0-a504af43afed","www.asml.com","工程","0","approved","2026-06-05T14:53:52.968Z","https://www.asml.com/en/products/duv-lithography-systems"
"企业参照","13abbf5b-f1b5-4cef-8419-223c28f4e2bd","www.nvidia.cn","信息科学","0","approved","2026-06-10T11:29:54.023Z","https://www.nvidia.cn/data-center/products/certified-systems/"
"企业参照","01bdcf38-9532-49df-8ea8-96a85d85d377","www.nvidia.cn","工程","0","approved","2026-06-10T11:30:04.703Z","https://www.nvidia.cn/industries/industrial-sector/"
"企业参照","b325eb39-b378-4b00-9e67-cba398db12bd","www.nvidia.cn","工程","0","approved","2026-06-10T11:30:08.070Z","https://www.nvidia.cn/solutions/cae/"
"企业参照","10024741-f191-4a2e-a413-2bafc0009652","www.nvidia.cn","信息科学","0","approved","2026-06-10T11:30:13.921Z","https://www.nvidia.cn/research/robotics/"
"企业参照","09b768bf-47de-44b7-ac1c-937612008f7d","www.nvidia.cn","信息科学","0","approved","2026-06-10T11:30:20.837Z","https://www.nvidia.cn/geforce/technologies/reflex/"
"企业参照","3c5fccef-bb12-4d1d-93bb-0be2ce3df2f2","www.nvidia.cn","信息科学","0","approved","2026-06-10T11:30:29.241Z","https://www.nvidia.cn/gtc/"
"企业参照","3f5b3d71-0abb-4f1e-a948-8fd77a17c19f","www.nvidia.cn","信息科学","0","approved","2026-06-10T11:30:33.741Z","https://www.nvidia.cn/about-nvidia/"
"企业参照","bc7297f6-9c02-42a9-842c-3190d55a3832","www.nvidia.cn","信息科学","0","approved","2026-06-10T11:30:40.309Z","https://www.nvidia.cn/geforce/graphics-cards/40-series/"
"企业参照","64f3104c-fba3-4058-ab63-85e01903274c","www.nvidia.cn","信息科学","0","approved","2026-06-10T11:30:57.652Z","https://www.nvidia.cn/networking/products/data-processing-unit/"
"企业参照","b6c66eea-cd0e-43c8-a320-e63d6727cd61","www.nvidia.cn","信息科学","0","approved","2026-06-10T11:31:07.776Z","https://www.nvidia.cn/data-center/tensor-cores/"
"企业参照","2903a962-fdfb-450a-962f-149eb40003c5","www.nvidia.cn","信息科学","0","approved","2026-06-10T11:31:15.050Z","https://www.nvidia.cn/networking/"
"企业参照","f7863bac-e5aa-4ea6-a14a-901bab92475b","www.nvidia.cn","信息科学","0","approved","2026-06-10T11:31:20.607Z","https://www.nvidia.cn/industries/media-and-entertainment/"
"企业参照","88db4df2-4486-4903-9062-288768ed954c","www.nvidia.cn","信息科学","0","approved","2026-06-10T11:31:29.548Z","https://www.nvidia.cn/solutions/autonomous-vehicles/alpamayo/"
"企业参照","f2986e26-9d51-431a-bc18-db9465682728","www.nvidia.cn","信息科学","0","approved","2026-06-10T11:31:34.040Z","https://www.nvidia.cn/industries/healthcare-life-sciences/partners/"
"企业参照","92f5580f-a389-44eb-ac3a-b458a5790cd2","www.nvidia.cn","信息科学","0","approved","2026-06-10T11:31:46.525Z","https://www.nvidia.cn/autonomous-machines/embedded-systems/jetson-orin/"
"企业参照","15a29054-6f8c-408f-b8c7-2072c85596de","www.nvidia.cn","信息科学","0","approved","2026-06-10T11:31:57.447Z","https://www.nvidia.cn/high-performance-computing/scientific-visualization/"
"企业参照","2831ad47-e2ba-4378-99fb-0b22401d0bf9","www.nvidia.cn","信息科学","0","approved","2026-06-10T11:32:08.703Z","https://www.nvidia.cn/technologies/cuda-x/"
"企业参照","903f06b1-9e5e-4d08-8687-1d253e3b7b57","www.nvidia.cn","信息科学","0","approved","2026-06-10T11:32:17.827Z","https://www.nvidia.cn/autonomous-machines/embedded-systems/jetson-orin/nano-super-developer-kit/"
"企业参照","09bf0ee3-83d2-4526-b9e1-0e4250fdc735","www.nvidia.cn","信息科学","0","approved","2026-06-10T11:32:26.682Z","https://www.nvidia.cn/studio/resources/"
"企业参照","bb719cfd-7f8a-4692-856f-f4bb81ded8d4","www.nvidia.cn","信息科学","0","approved","2026-06-10T11:32:32.942Z","https://www.nvidia.cn/networking/products/infiniband/quantum-x800/"
"企业参照","98d49a36-ad95-48fb-b150-c6512ac83fb8","www.nvidia.cn","信息科学","0","approved","2026-06-10T11:32:46.210Z","https://www.nvidia.cn/geforce/technologies/directx-12-ultimate/"
"企业参照","f9b4ddf3-e82b-4148-8915-3f62657604b9","www.nvidia.cn","信息科学","0","approved","2026-06-10T11:47:53.483Z","https://www.nvidia.cn/data-center/"
"企业参照","ef53780d-74c9-4d8a-b341-26ca533fed60","www.nvidia.cn","医学","0","approved","2026-06-10T11:48:34.746Z","https://www.nvidia.cn/industries/healthcare-life-sciences/"
"企业参照","fd0781a9-fa58-4bfb-8b65-32e935cb939c","www.nvidia.cn","工程","0","approved","2026-06-10T11:49:04.897Z","https://www.nvidia.cn/industries/manufacturing/"
"企业参照","60d70711-cc46-446a-a9ba-d267fd95372b","www.nvidia.cn","信息科学","0","approved","2026-06-10T11:49:50.299Z","https://www.nvidia.cn/industries/media-and-entertainment/"
"企业参照","18f61a0b-9bd8-485d-8bdc-71bb7dd037a9","www.nvidia.cn","信息科学","0","approved","2026-06-10T11:51:11.932Z","https://www.nvidia.cn/autonomous-machines/"
"企业参照","48f9624a-8576-4ed7-a25c-db26cea312b8","www.nvidia.cn","信息科学","0","approved","2026-06-10T11:52:10.818Z","https://www.nvidia.cn/products/workstations/"
"企业参照","f5e96dff-b805-44ed-88dc-8b1217f0a613","www.nvidia.cn","医学","0","approved","2026-06-10T11:53:07.221Z","https://www.nvidia.cn/research/"
"企业参照","dee407c7-1664-43ec-b3ad-7b617ed2db4d","www.nvidia.cn","信息科学","0","approved","2026-06-10T11:53:59.818Z","https://www.nvidia.cn/industries/retail/"
"企业参照","1131b84a-4663-4d2b-935b-69a2621bbb71","www.nvidia.cn","信息科学","0","approved","2026-06-10T11:54:20.076Z","https://www.nvidia.cn/industries/telecommunications/"
"企业参照","eff4f345-3054-4062-add1-6940cfedbd2c","www.siemens-healthineers.com","医学","0","approved","2026-06-03T07:39:21.454Z","https://www.siemens-healthineers.com/medical-imaging"
"企业参照","cc962725-1201-4f95-adee-3c1f4cd0792b","www.siemens-healthineers.com","医学","0","approved","2026-06-03T07:39:30.441Z","https://www.siemens-healthineers.com/ultrasound"
"企业参照","ff8c8df1-f0c9-409a-951b-1b497eddc243","www.siemens-healthineers.com","信息科学","0","approved","2026-06-05T14:54:21.458Z","https://www.siemens-healthineers.com/digital-health-solutions/syngo-carbon"
"企业参照","5fc53efd-eadc-46dd-8baa-85ebe896bc54","www.siemens-healthineers.com","信息科学","0","approved","2026-06-05T14:54:25.928Z","https://www.siemens-healthineers.com/digital-health-solutions/syngo-carbon"
"企业参照","ef91bb62-22f9-4676-8aa2-b2ebf77994af","www.siemens-healthineers.com","医学","0","approved","2026-06-05T14:54:28.860Z","https://www.siemens-healthineers.com/endovascular-robotics"
"企业参照","11e8edcb-74d2-4a5a-a54b-c91abdc87611","www.siemens-healthineers.com","医学","0","approved","2026-06-05T14:54:32.583Z","https://www.siemens-healthineers.com/fluoroscopy"
"企业参照","e4f1315e-e523-4caa-8b62-461957c9f13b","www.siemens-healthineers.com","工程","0","approved","2026-06-05T14:54:38.413Z","https://www.siemens-healthineers.com/angio"
"企业参照","c463250f-a558-4a1e-8b58-2e3fb24f28d5","www.siemens-healthineers.com","医学","0","approved","2026-06-05T14:54:40.140Z","https://www.siemens-healthineers.com/angio"
"企业参照","673427dc-c7f2-4378-bf44-aef587a59e37","www.siemens-healthineers.com","医学","0","approved","2026-06-05T14:54:48.803Z","https://www.siemens-healthineers.com/magnetic-resonance-imaging/patient-experience"
"企业参照","4089f22f-a532-41fb-8267-0b9685e44dd0","www.siemens-healthineers.com","医学","0","approved","2026-06-05T14:54:52.561Z","https://www.siemens-healthineers.com/magnetic-resonance-imaging/patient-experience"
"企业参照","fb730bed-9fa3-49ee-9df1-271091d50db2","www.siemens-healthineers.com","综合交叉","0","approved","2026-06-05T14:54:58.270Z","https://www.siemens-healthineers.com/magnetic-resonance-imaging/business-partner"
"企业参照","f5451455-b505-4ccf-8785-e994380e73d2","www.siemens-healthineers.com","信息科学","0","approved","2026-06-05T14:55:02.017Z","https://www.siemens-healthineers.com/magnetic-resonance-imaging/business-partner"
"企业参照","0402bdf0-410b-4c6a-937a-f2f0619becba","www.siemens-healthineers.com","医学","0","approved","2026-06-05T14:55:06.771Z","https://www.siemens-healthineers.com/services"
"企业参照","fe630c84-595c-485e-8d53-d74dfee8afab","www.siemens-healthineers.com","医学","0","approved","2026-06-05T14:55:10.426Z","https://www.siemens-healthineers.com/services"
"企业参照","8dcda0d2-6c7c-467a-b465-681c18b9fa05","www.siemens-healthineers.com","医学","0","approved","2026-06-05T14:55:15.178Z","https://www.siemens-healthineers.com/education"
"企业参照","43e4cc13-0edc-4f47-b24f-85aa0c287b90","www.siemens-healthineers.com","综合交叉","0","approved","2026-06-05T14:55:16.979Z","https://www.siemens-healthineers.com/education"
"企业参照","8a84c514-35b8-4ccd-8873-b9ade3fc67f3","www.siemens-healthineers.com","医学","0","approved","2026-06-05T14:55:25.714Z","https://www.siemens-healthineers.com/computed-tomography/news/lumbar-spine-screw-fracture"
"企业参照","85e59067-2644-4040-8e56-076c94cb1b55","www.siemens-healthineers.com","医学","0","approved","2026-06-05T14:55:31.297Z","https://www.siemens-healthineers.com/computed-tomography/news/triple-rule-out"
"企业参照","00fbff1a-b53e-4188-a897-caf290315a3c","www.siemens-healthineers.com","医学","0","approved","2026-06-05T14:55:35.165Z","https://www.siemens-healthineers.com/computed-tomography/news/pancreatic-adenocarcinoma-alpha"
"企业参照","6e38c2dd-97ba-4458-af96-4bd2ff3993ff","www.siemens-healthineers.com","医学","0","approved","2026-06-05T14:55:39.603Z","https://www.siemens-healthineers.com/computed-tomography/news/pancreatic-adenocarcinoma-alpha"
"企业参照","7dac5ed2-b573-4d1e-9df9-8295b17178a7","www.siemens-healthineers.com","医学","0","approved","2026-06-05T14:55:42.911Z","https://www.siemens-healthineers.com/computed-tomography/news/dens-fracture"
"企业参照","696829b2-8c92-4d65-9f2e-167da3aff106","www.siemens-healthineers.com","医学","0","approved","2026-06-05T14:55:46.276Z","https://www.siemens-healthineers.com/computed-tomography/news/dens-fracture"
"企业参照","4820421a-d9f4-410d-b660-693752bc4ceb","www.siemens-healthineers.com","医学","0","approved","2026-06-05T14:55:52.222Z","https://www.siemens-healthineers.com/computed-tomography/news/cerebral-aneurysm-coiling-imar"
"企业参照","01cdb0af-98bb-4057-9336-e26adcc0855b","www.siemens-healthineers.com","医学","0","approved","2026-06-05T14:55:58.731Z","https://www.siemens-healthineers.com/ultrasound/cardiovascular/acuson-origin"
"企业参照","4aa5e96f-523e-445e-868d-6f451580a5cc","www.siemens-healthineers.com","医学","0","approved","2026-06-05T14:56:01.910Z","https://www.siemens-healthineers.com/ultrasound/cardiovascular/acuson-origin"
"企业参照","177ba96f-fe48-47bc-b810-0bb8de7b4e5b","www.siemens-healthineers.com","医学","0","approved","2026-06-05T14:56:10.504Z","https://www.siemens-healthineers.com/ultrasound/news-stories/siemens-healthineers-boston-scientific-partnership"
"企业参照","9c44847b-9326-46a6-bbcd-90b6bce1f39e","www.siemens-healthineers.com","医学","0","approved","2026-06-05T14:56:15.276Z","https://www.siemens-healthineers.com/ultrasound/news-stories/udff-shows-high-accuracy-detecting-hepatic-steatosis"
"企业参照","e7243d22-b332-4354-9d09-603cc457c219","www.siemens-healthineers.com","医学","0","approved","2026-06-05T14:56:18.761Z","https://www.siemens-healthineers.com/ultrasound/ultrasound-transducer-catalog"
"企业参照","82d7b4c3-01e5-46f6-9b9f-7bcd405ee178","www.siemens-healthineers.com","医学","0","approved","2026-06-05T14:56:20.952Z","https://www.siemens-healthineers.com/ultrasound/new-era-ultrasound/acuson-sequoia"
"企业参照","fa3f9b82-b3d8-4d0c-b996-6890f6b8458b","www.siemens-healthineers.com","医学","0","approved","2026-06-05T14:56:25.881Z","https://www.siemens-healthineers.com/ultrasound/new-era-ultrasound/acuson-sequoia"
"国际研究","059dfae0-4869-4f0c-9fc5-5e856d3bc3c8","engineering.stanford.edu","工程","0","approved","2026-05-31T15:30:25.461Z","https://engineering.stanford.edu/news/new-center-unites-stanfords-robotics-expertise-under-one-roof"
"国际研究","7b9d9b0f-c2b7-4eb2-b6b4-e9f2f12fff1d","engineering.stanford.edu","工程","0","approved","2026-05-31T15:30:38.309Z","https://engineering.stanford.edu/news/team-engineers-create-shape-changing-free-roaming-soft-robot"
"国际研究","0f4ec2a6-3528-4611-aa69-362037ed823e","engineering.stanford.edu","材料","0","approved","2026-05-31T15:30:58.722Z","https://engineering.stanford.edu/news/researchers-illuminate-barrier-next-generation-battery"
"国际研究","85265a65-57a1-46b0-9e2f-4f24b86a2cdc","engineering.stanford.edu","材料","0","approved","2026-05-31T15:31:11.426Z","https://engineering.stanford.edu/news/precise-imaging-helps-reveal-secrets-rechargeable-batteries"
"国际研究","92dbe367-aea5-4ca9-b3b9-44af1e36579c","engineering.stanford.edu","工程","0","approved","2026-05-31T15:31:32.922Z","https://engineering.stanford.edu/news/stanford-engineers-and-slac-scientists-invent-self-healing-battery-electrode"
"国际研究","5892e28f-f4a7-400f-841e-2cbb448a6a62","engineering.stanford.edu","工程","0","approved","2026-05-31T15:31:54.890Z","https://engineering.stanford.edu/news/new-stanford-battery-shuts-down-high-temperatures-and-restarts-when-it-cools"
"国际研究","66498d48-45dc-4f46-ae70-92331a01ead5","engineering.stanford.edu","材料","0","approved","2026-05-31T15:32:04.303Z","https://engineering.stanford.edu/news/stanford-team-aims-improve-storage-batteries-used-cellphones-ipods-more"
"国际研究","e6589c25-ff85-4302-94ca-dcf85f314db4","engineering.stanford.edu","工程","0","approved","2026-06-05T15:06:37.454Z","https://engineering.stanford.edu/news/michael-john-flynn-obituary"
"国际研究","da10528a-8bec-462a-ac01-457afbe8865e","engineering.stanford.edu","生命科学","0","approved","2026-06-05T15:06:38.397Z","https://engineering.stanford.edu/news/michael-john-flynn-obituary"
"国际研究","2fde2118-700d-458b-be6b-a6abd1b6c64d","engineering.stanford.edu","综合交叉","0","approved","2026-06-05T15:06:45.852Z","https://engineering.stanford.edu/news/whats-right-amount-indoor-nature"
"国际研究","a5e0a309-6f82-4ef4-b251-40032c2deaf3","engineering.stanford.edu","工程","0","approved","2026-06-05T15:06:49.656Z","https://engineering.stanford.edu/news/william-tarpeh-receives-macarthur-fellowship"
"国际研究","c65f8509-fe1f-4c2b-ac9a-d4d005b967d3","engineering.stanford.edu","信息科学","0","approved","2026-06-05T15:06:49.852Z","https://engineering.stanford.edu/news/future-farming"
"国际研究","ed8648b9-22ec-40d8-93c0-f0718fec48ba","engineering.stanford.edu","生命科学","0","approved","2026-06-05T15:06:53.464Z","https://engineering.stanford.edu/news/future-cell-free-biotechnology"
"国际研究","6bde2bd9-4e44-4f06-a18c-144fa154db69","engineering.stanford.edu","信息科学","0","approved","2026-06-05T15:06:53.691Z","https://engineering.stanford.edu/news/future-networking-technology"
"国际研究","42240bf5-5fd7-4a37-8505-f38791e1bc63","engineering.stanford.edu","材料","0","approved","2026-06-05T15:06:57.281Z","https://engineering.stanford.edu/news/topic/electronics-networking"
"国际研究","108b840f-4ea5-478b-9caf-cf8826d5768b","engineering.stanford.edu","信息科学","0","approved","2026-06-05T15:06:59.965Z","https://engineering.stanford.edu/news/topic/transportation-robotics"
"国际研究","a603580f-e9f0-4141-8e3d-c8ee769211e2","engineering.stanford.edu","医学","0","approved","2026-06-05T15:07:01.657Z","https://engineering.stanford.edu/news/future-coronary-heart-disease"
"国际研究","b489801e-638d-43e3-9e8d-d78dc1b73c4f","engineering.stanford.edu","信息科学","0","approved","2026-06-05T15:07:03.943Z","https://engineering.stanford.edu/news/future-digital-markets"
"国际研究","0ada043c-8c37-4260-b514-168a2572406e","engineering.stanford.edu","信息科学","0","approved","2026-06-05T15:07:06.507Z","https://engineering.stanford.edu/news/future-emerging-technologies"
"国际研究","d352837d-0200-43f9-bea5-78eeb1b5f4d8","engineering.stanford.edu","信息科学","0","approved","2026-06-05T15:07:08.297Z","https://engineering.stanford.edu/news/topic/artificial-intelligence"
"国际研究","d62fdeb1-4935-4683-acb7-442e5e38f6f5","engineering.stanford.edu","信息科学","0","approved","2026-06-05T15:07:08.869Z","https://engineering.stanford.edu/news/topic/artificial-intelligence"
"国际研究","93a82a01-8974-4bc9-b8c0-5c8304ad8b46","engineering.stanford.edu","生命科学","0","approved","2026-06-05T15:07:13.295Z","https://engineering.stanford.edu/news/future-fungi"
"国际研究","b90673f1-e246-42bc-989f-d67b7bbcf696","engineering.stanford.edu","信息科学","0","approved","2026-06-05T15:07:15.172Z","https://engineering.stanford.edu/news/topic/technology-society"
"国际研究","77a75496-44cd-4286-87fc-609f8ef5bb6b","engineering.stanford.edu","工程","0","approved","2026-06-05T15:07:16.405Z","https://engineering.stanford.edu/spotlight/margie-mene"
"国际研究","62cf3430-6873-4091-b8b0-6ee087728323","engineering.stanford.edu","工程","0","approved","2026-06-05T15:07:17.181Z","https://engineering.stanford.edu/news/topic/environment"
"国际研究","de912d9f-48d0-4b4e-b31e-42fc33e51451","engineering.stanford.edu","工程","0","approved","2026-06-05T15:07:18.791Z","https://engineering.stanford.edu/news/topic/school-news"
"国际研究","472e4ed1-d21f-469e-a2a5-aad71ee02d72","engineering.stanford.edu","材料","0","approved","2026-06-05T15:07:19.522Z","https://engineering.stanford.edu/spotlight/kyrstyn-ong"
"国际研究","9ef6168f-2542-475d-8158-c00843b9cb4c","engineering.stanford.edu","工程","0","approved","2026-06-05T15:07:22.033Z","https://engineering.stanford.edu/news/topic/health"
"国际研究","c9ea87ed-6dd4-4963-9bf5-3211ce13f66d","engineering.stanford.edu","材料","0","approved","2026-06-05T15:07:22.052Z","https://engineering.stanford.edu/news/topic/materials"
"国际研究","26ccc0b6-c864-4724-a3cf-2eb49e57ba53","engineering.stanford.edu","材料","0","approved","2026-06-05T15:07:22.853Z","https://engineering.stanford.edu/news/topic/materials"
"国际研究","7b8827da-6e11-4519-91bd-e4281eb1c7f3","images.nasa.gov","物理","0","approved","2026-05-28T14:19:35.997Z","https://images.nasa.gov/details/international-space-station-mockup-training_52233924879_o"
"国际研究","d164a917-1d4c-40dd-ac6f-8b721cbc02b2","images.nasa.gov","物理","0","approved","2026-05-28T14:19:43.003Z","https://images.nasa.gov/details/PIA23644"
"国际研究","0b5ea41f-2abc-4b73-944d-80ac7ab90fb7","images.nasa.gov","物理","0","approved","2026-05-28T14:19:50.412Z","https://images.nasa.gov/details/iss040e073120"
"国际研究","e1f3752d-922b-4a83-8a05-b1d13763b8d6","images.nasa.gov","物理","0","approved","2026-05-28T14:19:54.989Z","https://images.nasa.gov/details/PIA14309"
"国际研究","dd15c345-1bf6-44b0-be88-c94769bae7cc","images.nasa.gov","物理","0","approved","2026-05-28T14:52:57.295Z","https://images.nasa.gov/details/PIA22354"
"国际研究","f9d7805d-8313-4152-a138-59c532d32464","images.nasa.gov","物理","0","approved","2026-05-28T14:53:06.392Z","https://images.nasa.gov/details/by-the-dozen-nasas-james-webb-space-telescope-mirrors_23938941370_o"
"国际研究","5ff24513-f14a-499e-b364-a98502a8c424","images.nasa.gov","物理","0","approved","2026-05-28T14:53:15.870Z","https://images.nasa.gov/details/PIA08646"
"国际研究","3be72409-f8b9-4d61-9280-713a9bc2e234","images.nasa.gov","物理","0","approved","2026-05-28T14:53:25.722Z","https://images.nasa.gov/details/PIA11439"
"国际研究","ae2a0c47-0317-4c78-af8d-a13701627091","images.nasa.gov","物理","0","approved","2026-05-28T15:20:22.001Z","https://images.nasa.gov/details/PIA13288"
"国际研究","1d611b59-1f7b-4c90-a302-3b9aa9facd36","images.nasa.gov","物理","0","approved","2026-05-28T15:20:30.708Z","https://images.nasa.gov/details/8664956"
"国际研究","646d5256-afab-4ede-9d65-22d4429eab90","images.nasa.gov","物理","0","approved","2026-05-28T15:20:36.461Z","https://images.nasa.gov/details/PIA11796"
"国际研究","1deedb7f-9943-47ab-b93d-133f6d0d630b","images.nasa.gov","物理","0","approved","2026-05-28T15:20:43.497Z","https://images.nasa.gov/details/astronomers-set-a-new-galaxy-distance-record_17389972462_o"
"国际研究","a6e8a3d6-d451-43b7-b131-1c667dfbbd67","images.nasa.gov","环境科学","0","approved","2026-05-28T15:20:48.069Z","https://images.nasa.gov/details/GSFC_20171208_Archive_e001992"
"国际研究","0ec65a88-67f3-4c8c-b3dd-c1f09d9bfde3","images.nasa.gov","物理","0","approved","2026-05-28T15:20:53.503Z","https://images.nasa.gov/details/s77e5027"
"国际研究","deffc250-6f60-4717-8783-9deff978c5e9","images.nasa.gov","物理","0","approved","2026-05-28T15:21:00.907Z","https://images.nasa.gov/details/PIA15026"
"国际研究","fa28eca7-153a-46ee-92a4-7a890e7b2ccb","images.nasa.gov","物理","0","approved","2026-06-05T15:00:54.793Z","https://images.nasa.gov/details/9701593"
"国际研究","ade4f3fb-de90-4e46-87d0-08d1bae2704f","images.nasa.gov","环境科学","0","approved","2026-06-05T15:00:57.707Z","https://images.nasa.gov/details/NHQ201908010010"
"国际研究","b5c2e5fb-a929-4dc3-bc9c-d479748dfda6","images.nasa.gov","物理","0","approved","2026-06-05T15:01:00.337Z","https://images.nasa.gov/details/NHQ201808010016"
"国际研究","ceee0f20-f1c3-4b4f-9829-56b1f9045c34","images.nasa.gov","生命科学","0","approved","2026-06-05T15:01:02.833Z","https://images.nasa.gov/details/GRC-2018-C-00854"
"国际研究","533c9b9f-db7e-442c-bdb9-fb6c778148f4","images.nasa.gov","物理","0","approved","2026-06-05T15:01:06.707Z","https://images.nasa.gov/details/PIA10737"
"国际研究","dd0d1e5a-f7aa-43cf-8173-79a424092cbf","images.nasa.gov","物理","0","approved","2026-06-05T15:01:11.195Z","https://images.nasa.gov/details/GRC-2014-C-05406"
"国际研究","0f599b0d-ec67-4c10-ae11-85122a7237c9","images.nasa.gov","物理","0","approved","2026-06-05T15:01:14.127Z","https://images.nasa.gov/details/201110280010HQ"
"国际研究","d297e1c3-9565-4b2a-adfa-ff0449d66eb4","images.nasa.gov","物理","0","approved","2026-06-05T15:01:18.700Z","https://images.nasa.gov/details/PIA12335"
"国际研究","01ba423b-25c7-4460-8dd4-5460c816e9dc","images.nasa.gov","物理","0","approved","2026-06-05T15:01:24.987Z","https://images.nasa.gov/details/51I-32-059"
"国际研究","6c063606-ab85-463e-b2ef-98b038a26c43","images.nasa.gov","环境科学","0","approved","2026-06-05T15:01:28.806Z","https://images.nasa.gov/details/201405060003HQ"
"国际研究","514cbd65-374a-47d1-bd49-2cdfa18ffc7b","images.nasa.gov","物理","0","approved","2026-06-05T15:01:31.095Z","https://images.nasa.gov/details/PIA07240"
"国际研究","a386368f-df8a-47bb-9ec5-d6780d2d11ed","images.nasa.gov","物理","0","approved","2026-06-05T15:01:34.979Z","https://images.nasa.gov/details/KSC-20181212-PH_CSH02_0003"
"国际研究","5b885e68-48c2-4cbc-9da9-98bf941e3053","images.nasa.gov","物理","0","approved","2026-06-05T15:01:38.944Z","https://images.nasa.gov/details/0300199"
"国际研究","98e4066a-561f-4c19-9b3b-4794b558b89e","images.nasa.gov","物理","0","approved","2026-06-05T15:01:42.772Z","https://images.nasa.gov/details/iss069e008883"
"国际研究","493aed35-1ddb-4082-8ff6-fcd48ab14e08","images.nasa.gov","物理","0","approved","2026-06-05T15:01:45.475Z","https://images.nasa.gov/details/NHQ201812310045"
"国际研究","6fa81a40-e181-46dc-a6c3-6c2ee3c5e0e0","news.harvard.edu","综合交叉","0","approved","2026-05-28T12:13:25.852Z","https://news.harvard.edu/gazette/story/2026/05/lessons-from-ancient-modern-quantum-worlds/"
"国际研究","0fc5100c-8d5f-42ea-a65b-ec10e1f8532e","news.harvard.edu","信息科学","0","approved","2026-05-28T13:20:06.670Z","https://news.harvard.edu/gazette/story/2026/04/why-are-communities-pushing-back-against-data-centers/"
"国际研究","6efde771-c2da-4391-8acd-40a8ebfe0565","news.harvard.edu","物理","0","approved","2026-05-28T14:01:01.351Z","https://news.harvard.edu/gazette/section/science-technology/"
"国际研究","8f1d7fb2-be63-4fe3-9d5e-f8e2db2950d0","news.harvard.edu","物理","0","approved","2026-06-05T15:02:19.320Z","https://news.harvard.edu/gazette/story/2026/06/high-tech-for-the-1700s/"
"国际研究","7e4dc2f0-026b-49f4-be70-652a53e2a2f2","news.harvard.edu","物理","0","approved","2026-06-05T15:02:22.449Z","https://news.harvard.edu/gazette/story/2026/06/high-tech-for-the-1700s/"
"国际研究","9c04e083-82f0-4358-878a-f273a4ab68f5","news.harvard.edu","综合交叉","0","approved","2026-06-05T15:02:27.834Z","https://news.harvard.edu/gazette/section/arts-humanities/"
"国际研究","137e848a-84f4-4a68-8bb0-0037f8ac0142","news.harvard.edu","信息科学","0","approved","2026-06-05T15:08:28.987Z","https://news.harvard.edu/gazette/story/2026/04/time-for-government-business-leaders-to-figure-out-ai-cybersecurity-regulation/"
"国际研究","a410f35e-253e-467e-90f1-60e74b4c1a5e","news.harvard.edu","综合交叉","0","approved","2026-06-05T15:08:32.562Z","https://news.harvard.edu/gazette/story/2026/02/what-exactly-is-consciousness-and-does-my-venus-flytrap-have-it-too/"
"国际研究","7dd0ab7e-abc5-4da4-97d6-1d12edf63f98","news.harvard.edu","不确定","0","approved","2026-06-05T15:08:38.549Z","https://news.harvard.edu/gazette/story/2025/12/it-just-feels-good-when-you-solve-the-hard-problems/"
"国际研究","ad1b11d5-7844-4b55-91a7-456509f7f6f8","news.harvard.edu","生命科学","0","approved","2026-06-05T15:08:43.328Z","https://news.harvard.edu/gazette/story/2025/11/mapping-our-deep-rooted-relationship-with-medicinal-plants/"
"国际研究","4ffa0f6a-9173-4f03-91a5-f6fe1304c5dc","news.harvard.edu","信息科学","0","approved","2026-06-05T15:08:49.520Z","https://news.harvard.edu/gazette/story/2025/10/what-if-ai-could-help-students-learn-not-just-do-assignments-for-them/"
"国际研究","47c36b20-5386-48f4-84fe-dc7dc0b1280b","news.harvard.edu","综合交叉","0","approved","2026-06-05T15:08:55.605Z","https://news.harvard.edu/gazette/story/2025/09/why-is-your-head-not-exploding-steven-pinker-can-explain/"
"国际研究","d58c9a73-c50f-426e-a6fc-41ca4159cb09","news.harvard.edu","综合交叉","0","approved","2026-06-05T15:09:00.021Z","https://news.harvard.edu/gazette/story/2025/09/what-is-creativity-without-sweat-and-tears/"
"国际研究","23f7c560-5be2-4cbe-8856-879b15abe322","news.harvard.edu","生命科学","0","approved","2026-06-05T15:09:04.187Z","https://news.harvard.edu/gazette/story/2025/07/a-step-toward-solving-central-mystery-of-life-on-earth/"
"国际研究","4ebd82b3-8d7a-482a-8168-698758b20ab4","news.harvard.edu","综合交叉","0","approved","2026-06-05T15:09:09.194Z","https://news.harvard.edu/gazette/story/2025/06/numbers-tell-one-story-about-climate-change-people-tell-another/"
"国际研究","d6ad9f3e-e61e-4788-88c1-4d7831d98386","news.harvard.edu","生命科学","0","approved","2026-06-05T15:09:12.481Z","https://news.harvard.edu/gazette/story/2025/05/we-have-a-way-of-steering-a-fly-like-you-would-a-car/"
"国际研究","1634decc-ef2b-4a20-8e29-4751c259c2ef","news.harvard.edu","物理","0","approved","2026-06-05T15:09:16.356Z","https://news.harvard.edu/gazette/story/2025/05/know-how-those-tech-moguls-want-us-to-go-to-mars-ignore-them/"
"国际研究","b7fab2f7-7b46-49f1-992d-1ef2b39ce970","news.harvard.edu","综合交叉","0","approved","2026-06-05T15:09:19.357Z","https://news.harvard.edu/gazette/story/2025/03/when-a-stoves-virtues-amount-to-more-than-just-hot-air/"
"国际研究","58258916-03af-4f48-a264-02d481d770f6","news.harvard.edu","环境科学","0","approved","2026-06-05T15:09:23.295Z","https://news.harvard.edu/gazette/story/2025/03/when-the-woods-are-your-climate-change-lab/"
"国际研究","d8de7f4c-a03c-4625-9ab8-665845f38d39","news.harvard.edu","综合交叉","0","approved","2026-06-05T15:09:29.041Z","https://news.harvard.edu/gazette/story/2026/04/call-for-historical-truth-in-our-narrative-of-nazi-defeat/"
"国际研究","a18f9eaf-e59b-4058-b03f-b0af045568e8","news.harvard.edu","综合交叉","0","approved","2026-06-05T15:09:35.066Z","https://news.harvard.edu/gazette/story/2026/03/is-marriage-worth-saving/"
"国际研究","6da603a6-2f64-4cfc-addd-10fee1ef559b","news.harvard.edu","信息科学","0","approved","2026-06-05T15:09:39.295Z","https://news.harvard.edu/gazette/story/2026/02/worried-about-how-ai-may-affect-foreign-policy-you-should-be/"
"国际研究","02c8ddf5-6536-403c-a1cf-b67628c5e23d","news.harvard.edu","综合交叉","0","approved","2026-06-05T15:09:46.222Z","https://news.harvard.edu/gazette/story/2025/12/think-the-viral-meme-of-that-legislator-is-funny/"
"国际研究","7efaecd3-bfa0-4ca8-9909-3e243451f4b4","news.harvard.edu","综合交叉","0","approved","2026-06-05T15:09:54.351Z","https://news.harvard.edu/gazette/story/2025/11/cold-war-arms-control-pioneers-perhaps-werent-peacemakers-we-thought-they-were/"
"国际研究","1ebf0975-c3bd-4826-bf10-fe671a872c0d","news.harvard.edu","综合交叉","0","approved","2026-06-05T15:10:03.418Z","https://news.harvard.edu/gazette/story/2025/10/vibes-or-hunches-dont-help-win-elections/"
"国际研究","8c3b9881-362f-4133-ab03-a1e93264ff7f","news.harvard.edu","综合交叉","0","approved","2026-06-05T15:10:07.924Z","https://news.harvard.edu/gazette/story/2025/09/turns-out-two-parent-households-are-no-fix-for-racial-inequality/"
"国际研究","e2c5f890-a915-4d8f-8f26-5cd18355515f","news.harvard.edu","物理","0","approved","2026-06-05T15:10:13.616Z","https://news.harvard.edu/gazette/story/2025/09/now-i-have-become-death-the-destroyer-of-the-worlds/"
"国际研究","14420e2e-5d71-4974-9505-71bda66e5dc2","news.harvard.edu","综合交叉","0","approved","2026-06-05T15:10:20.406Z","https://news.harvard.edu/gazette/story/2025/07/public-servant-trusted-mentor-conduit-to-congressional-campaign-and-clam-bake-host/"
"国际研究","1037a672-e9be-4f5e-ab3d-582a5b7d5ab1","news.harvard.edu","综合交叉","0","approved","2026-06-05T15:10:25.988Z","https://news.harvard.edu/gazette/story/2025/05/pompeo-warns-against-u-s-pulling-back-from-global-leadership-role/"
"国际研究","597a459e-43f4-4a51-a541-436b2c86f625","news.harvard.edu","不确定","0","approved","2026-06-05T15:10:32.472Z","https://news.harvard.edu/gazette/story/2025/04/if-youre-boring-youre-not-going-to-educate/"
"国际研究","876f1e2b-0789-4ad5-b385-fba96d868b8d","news.mit.edu","生命科学","0","approved","2026-05-28T12:03:40.267Z","https://news.mit.edu/2026/brighter-mri-signals-0527"
"国际研究","14855ee9-3027-4fb1-afd7-96480c9934ac","news.mit.edu","化学","0","approved","2026-05-28T13:20:18.836Z","https://news.mit.edu/2026/mit-chemists-discover-isolate-boron-oxygen-molecule-0513"
"国际研究","90213570-e497-4431-81fa-a4e613fc9275","news.mit.edu","物理","0","approved","2026-05-28T13:21:46.192Z","https://news.mit.edu/2026/photonics-advance-could-enable-compact-high-performance-lidar-sensors-0507"
"国际研究","d1246709-ddc0-49d6-af2f-3a8ad57e3e7a","news.mit.edu","生命科学","0","approved","2026-05-28T14:00:58.329Z","https://news.mit.edu/2026/how-neurons-sense-gut-bacteria-0430"
"国际研究","a302f07c-8c6e-4426-9abf-2da02cd4aac3","news.mit.edu","综合交叉","0","approved","2026-06-05T15:01:47.081Z","https://news.mit.edu/2026/research-from-ground-up-sonya-atalay-0604"
"国际研究","0e67b535-7609-41a8-bc02-6bf42171e1fc","news.mit.edu","材料","0","approved","2026-06-05T15:01:48.841Z","https://news.mit.edu/2026/mit-chemists-design-impact-resistant-plastics-0603"
"国际研究","185c38f5-ee2e-40cf-92e6-d1570c391db4","news.mit.edu","综合交叉","0","approved","2026-06-05T15:01:55.005Z","https://news.mit.edu/2026/spirited-mit-commencement-ceremony-run-toward-hardest-problems-0528"
"国际研究","3c8127e2-53c9-4de7-8da8-5d709dc8cc0a","news.mit.edu","综合交叉","0","approved","2026-06-05T15:01:56.420Z","https://news.mit.edu/2026/spirited-mit-commencement-ceremony-run-toward-hardest-problems-0528"
"国际研究","8a5a59f0-da26-4b05-acf8-93c127628d91","news.mit.edu","综合交叉","0","approved","2026-06-05T15:02:00.073Z","https://news.mit.edu/2026/commencement-address-lisa-su-0528"
"国际研究","a794b885-4bc0-4545-af21-3fd07d2fc0da","news.mit.edu","工程","0","approved","2026-06-05T15:02:04.063Z","https://news.mit.edu/2026/alejandro-aravena-sap-commencement-0529"
"国际研究","1bf511d3-1bae-4008-befc-9a651099c022","news.mit.edu","物理","0","approved","2026-06-05T15:02:06.655Z","https://news.mit.edu/2026/media-advisory-mit-establish-regional-quantum-hub"
"国际研究","7cfa75ad-5728-40f5-9ea6-2d8615c5a284","news.mit.edu","综合交叉","0","approved","2026-06-05T15:02:11.882Z","https://news.mit.edu/podcasts"
"国际研究","760d4738-97a4-4b10-a749-f5cf196818a1","news.mit.edu","信息科学","0","approved","2026-06-05T15:07:28.690Z","https://news.mit.edu/2019/mit-schwarzman-celebration-panel-explores-path-to-ethical-socially-beneficial-ai-0305"
"国际研究","f3b8dd9a-54c6-4fd1-b7a6-a71974f89de2","news.mit.edu","信息科学","0","approved","2026-06-05T15:07:32.097Z","https://news.mit.edu/2014/resonating-mit"
"国际研究","7570f2cb-ac8c-4602-8ca1-76db8fdd85a0","news.mit.edu","综合交叉","0","approved","2026-06-05T15:07:35.095Z","https://news.mit.edu/2014/art-and-politics-public-space"
"国际研究","d1ff2ca0-8797-4e53-925f-c5cc6c67fbc4","news.mit.edu","环境科学","0","approved","2026-06-05T15:07:37.226Z","https://news.mit.edu/2014/into-the-volcanic-plume"
"国际研究","5c3719eb-7735-4a32-b1c3-cd8af78e6074","news.mit.edu","工程","0","approved","2026-06-05T15:07:40.551Z","https://news.mit.edu/2013/smart-tools-1122"
"国际研究","51b1ae57-86e0-4c96-b98b-ed576a713258","news.mit.edu","生命科学","0","approved","2026-06-05T15:07:44.249Z","https://news.mit.edu/2026/braintrust-members-support-neighbors-with-brain-injuries-0506"
"国际研究","50cbb42e-c8f6-4380-a0e3-c7b920e23e55","news.mit.edu","生命科学","0","approved","2026-06-05T15:07:47.184Z","https://news.mit.edu/2026/self-organizing-pencil-beam-laser-could-help-scientists-design-brain-targeted-therapies-0427"
"国际研究","0f5f5bc7-d4e6-494c-bb96-b738e9b3c31f","news.mit.edu","生命科学","0","approved","2026-06-05T15:07:49.421Z","https://news.mit.edu/2026/mit-study-reveals-new-role-cell-membranes-0416"
"国际研究","3c79f711-db63-4446-941d-11194398f9b4","news.mit.edu","生命科学","0","approved","2026-06-05T15:07:53.259Z","https://news.mit.edu/2026/building-blocks-of-life-sergei-kotelnikov-0331"
"国际研究","56e3f3b9-5b41-4600-9c83-1d5542e3e96f","news.mit.edu","医学","0","approved","2026-06-05T15:07:57.495Z","https://news.mit.edu/2026/enduring-passions-medicine-journalism-triathlons-alex-tang-0325"
"国际研究","3985816f-8571-4e86-9cfb-15b1ad473c88","news.mit.edu","信息科学","0","approved","2026-06-05T15:08:00.921Z","https://news.mit.edu/2026/new-sensor-sniffs-out-pneumonia-patients-breath-0316"
"国际研究","1f8756e0-a319-4439-b6b5-75b39bfc3738","news.mit.edu","生命科学","0","approved","2026-06-05T15:08:05.371Z","https://news.mit.edu/2026/keck-foundation-to-support-research-on-healthy-aging-0302"
"国际研究","39b1c67f-a9b2-4edc-85a0-2e545eb6c0e4","news.mit.edu","材料","0","approved","2026-06-05T15:08:09.499Z","https://news.mit.edu/2026/materials-scientists-playground-0430"
"国际研究","ea3ab924-bc51-4692-8fa9-5988a7fbd6ce","news.mit.edu","综合交叉","0","approved","2026-06-05T15:08:12.327Z","https://news.mit.edu/2026/three-mit-named-2026-goldwater-scholars-0423"
"国际研究","6c67bcd5-55b1-4d77-adf5-84fc86c7e52a","news.mit.edu","物理","0","approved","2026-06-05T15:08:16.072Z","https://news.mit.edu/2026/multitasking-quantum-sensors-can-measure-several-properties-0415"
"国际研究","a3b86a51-eea2-483b-be5c-df9a66452d50","news.mit.edu","物理","0","approved","2026-06-05T15:08:18.809Z","https://news.mit.edu/2026/two-physicists-and-curious-host-walk-studio"
"国际研究","2fb7e80e-8ac4-4743-8885-9b2fcbed5b28","news.mit.edu","物理","0","approved","2026-06-05T15:08:22.016Z","https://news.mit.edu/2026/new-catalog-doubles-gravitational-wave-detections-made-ligo-virgo-kagra-0305"
"国际研究","a37ccb4d-7b65-4ca1-a19e-853e1c8d6eb8","news.mit.edu","不确定","0","approved","2026-06-05T15:08:26.261Z","https://news.mit.edu/2026/new-study-unveils-mechanism-behind-boomerang-earthquakes-0218"
"国际研究","bf983586-07fc-49b8-be8f-44dd630349b2","newscenter.lbl.gov","物理","0","approved","2026-05-28T12:13:23.122Z","https://newscenter.lbl.gov/2026/05/27/stacking-up-for-the-future-how-researchers-are-building-next-gen-quantum-computers/"
"国际研究","a90c7870-72f7-49da-8308-7864417fc192","newscenter.lbl.gov","物理","0","approved","2026-06-05T15:32:34.852Z","https://newscenter.lbl.gov/2026/04/15/desi-completes-planned-3d-map-of-the-universe-and-continues-exploring/"
"国际研究","8f01710a-c34d-4a44-accf-01b0fda2de68","newscenter.lbl.gov","物理","0","approved","2026-06-05T15:32:50.114Z","https://newscenter.lbl.gov/2026/03/17/solving-a-mystery-in-dark-matter-detectors-could-improve-quantum-computers/"
"国际研究","d34116a4-93f6-4799-b7c5-77276f80d23d","newscenter.lbl.gov","工程","0","approved","2026-06-05T15:33:07.733Z","https://newscenter.lbl.gov/2026/02/19/accelerating-science-with-digital-twins/"
"国际研究","e41e474c-106d-454b-8237-9ba9fc906229","newscenter.lbl.gov","材料","0","approved","2026-06-05T15:33:24.124Z","https://newscenter.lbl.gov/2026/02/12/crunching-big-data-into-3d-images-accelerates-discovery/"
"国际研究","0289b1a5-685a-4b9e-859b-d42e66c10170","newscenter.lbl.gov","生命科学","0","approved","2026-06-05T15:33:43.369Z","https://newscenter.lbl.gov/2026/01/22/ecofabs-could-help-fuel-ai-in-agriculture/"
"国际研究","f094385c-691d-41bc-84a6-8d5d1df39809","newscenter.lbl.gov","材料","0","approved","2026-06-05T15:33:59.111Z","https://newscenter.lbl.gov/2026/01/13/accelerating-discovery-how-the-materials-project-is-helping-to-usher-in-the-ai-revolution-for-materials-science/"
"国际研究","d52e46bb-f762-486d-a68e-8504e21bd45c","newscenter.lbl.gov","信息科学","0","approved","2026-06-05T15:34:19.110Z","https://newscenter.lbl.gov/2025/12/16/how-researchers-are-driving-advances-for-data-centers/"
"国际研究","9c66ed22-b09a-4719-a6f8-dfbb44189a00","newscenter.lbl.gov","物理","0","approved","2026-06-05T15:34:41.023Z","https://newscenter.lbl.gov/2025/10/07/former-berkeley-lab-scientist-john-clarke-wins-2025-nobel-prize-in-physics/"
"国际研究","1b20750a-e7f5-4ad0-b971-0cabdf88ca36","newscenter.lbl.gov","材料","0","approved","2026-06-05T15:35:00.075Z","https://newscenter.lbl.gov/2025/09/18/optimized-materials-in-a-flash/"
"国际研究","2dfd27bd-269f-47f4-9a14-747d76a2c8db","newscenter.lbl.gov","信息科学","0","approved","2026-06-05T15:35:19.585Z","https://newscenter.lbl.gov/2025/07/30/expert-interview-sean-peisert-on-cybersecurity-research/"
"国际研究","b3028658-ccc3-4076-8916-630f2c981b21","newscenter.lbl.gov","物理","0","approved","2026-06-05T15:35:40.929Z","https://newscenter.lbl.gov/2025/07/03/basics2breakthroughs-simulating-pulsars-for-insights-into-fundamental-physics/"
"国际研究","ca30fe4c-9139-4d62-a2b0-a81ce97c11f3","newscenter.lbl.gov","材料","0","approved","2026-06-05T15:36:01.807Z","https://newscenter.lbl.gov/2025/06/18/expert-interview-ashfia-huq/"
"国际研究","e410c729-c710-4fce-8e16-615bdd37c7b4","newscenter.lbl.gov","物理","0","approved","2026-06-05T15:36:23.001Z","https://newscenter.lbl.gov/2025/06/12/the-technologies-fueling-the-future-of-fusion/"
"国际研究","4a642996-06a5-4fd1-8c98-70ba4a880e61","newscenter.lbl.gov","物理","0","approved","2026-06-05T15:36:42.674Z","https://newscenter.lbl.gov/2025/05/22/bringing-discoveries-to-light-six-ways-the-advanced-light-source-is-accelerating-technology-breakthroughs-for-society/"
"国际研究","08d8d4c8-d072-48ee-916a-476e76ce43dd","newscenter.lbl.gov","材料","0","approved","2026-06-05T15:37:06.957Z","https://newscenter.lbl.gov/2025/05/13/from-sequence-to-structure-a-fast-track-for-rna-modeling/"
"国际研究","8fdbcfe3-4452-46df-a59b-26142f329bb6","newscenter.lbl.gov","物理","0","approved","2026-06-05T15:37:29.091Z","https://newscenter.lbl.gov/2025/04/30/science-power-up-rewriting-the-rules-with-quantum/"
"国际研究","dd199325-a506-4496-933f-192b5e10ce8d","newscenter.lbl.gov","信息科学","0","approved","2026-06-05T15:37:52.037Z","https://newscenter.lbl.gov/2025/04/07/expert-interview-inder-monga/"
"国际研究","da9e09cf-1dcf-4dd1-bb20-dda7929d563b","newscenter.lbl.gov","化学","0","approved","2026-06-05T15:38:13.845Z","https://newscenter.lbl.gov/2025/03/11/scientists-discover-new-heavy-metal-molecule-berkelocene/"
"国际研究","d431a905-f77b-446a-abe8-5bf8e4a8540f","newscenter.lbl.gov","物理","0","approved","2026-06-05T15:38:34.730Z","https://newscenter.lbl.gov/2025/01/29/berkeley-lab-helps-explore-mysteries-of-asteroid-bennu/"
"国际研究","f682cff7-350a-47d3-a44f-bb3b8729612f","newscenter.lbl.gov","物理","0","approved","2026-06-05T15:38:56.925Z","https://newscenter.lbl.gov/2024/12/11/milestone-10-gev-experiment-shines-light-on-laser-plasma-interactions/"
"国际研究","72ada1a4-ea6b-4d8f-a07b-c36539a5bce3","newscenter.lbl.gov","生命科学","0","approved","2026-06-05T15:39:17.325Z","https://newscenter.lbl.gov/2024/11/07/new-plant-engineering-method-promises-to-dramatically-improve-biofuel-and-bioproduct-development/"
"国际研究","483df2d7-7628-489a-9fd0-26f92d237a22","newscenter.lbl.gov","材料","0","approved","2026-06-05T15:39:37.259Z","https://newscenter.lbl.gov/2024/09/25/manganese-cathodes-could-boost-lithium-ion-batteries/"
"国际研究","a27d382f-aa68-4f57-9125-df2bedd71a3f","newscenter.lbl.gov","工程","0","approved","2026-06-05T15:40:00.716Z","https://newscenter.lbl.gov/2024/08/29/five-ways-lisa-is-advancing-solar-fuels/"
"国际研究","164e24e7-7ff2-48de-9b2b-5b6485d4fadd","newscenter.lbl.gov","材料","0","approved","2026-06-05T15:40:22.170Z","https://newscenter.lbl.gov/2024/08/12/kristin-persson-receives-distinguished-scientist-fellow-award/"
"国际研究","38a48fd6-c6dc-4216-98a1-972c567e6877","newscenter.lbl.gov","物理","0","approved","2026-06-05T15:40:42.780Z","https://newscenter.lbl.gov/2024/07/23/a-new-way-to-make-element-116-opens-the-door-to-heavier-atoms/"
"国际研究","b117527c-b61a-4a37-abc9-d6c42db008c4","newscenter.lbl.gov","物理","0","approved","2026-06-05T15:41:01.620Z","https://newscenter.lbl.gov/2024/06/25/revived-technology-used-to-count-individual-photons-from-distant-galaxies/"
"国际研究","c45367fa-be57-4a82-a0ff-88c84f52be92","newscenter.lbl.gov","材料","0","approved","2026-06-05T15:41:26.388Z","https://newscenter.lbl.gov/2024/05/06/groundbreaking-microcapacitors-could-power-chips-of-the-future/"
"国际研究","48c245ea-d16f-4995-bd09-97055dbce62d","newscenter.lbl.gov","环境科学","0","approved","2026-06-05T15:41:46.706Z","https://newscenter.lbl.gov/2024/04/18/five-berkeley-lab-scientists-named-2023-aaas-fellows/"
"国际研究","8a35dc7a-8036-4841-80a6-13da529398ad","newscenter.lbl.gov","环境科学","0","approved","2026-06-05T15:42:10.834Z","https://newscenter.lbl.gov/2024/03/26/shedding-light-on-sea-creatures-secrets/"
"国际研究","0a81a0bc-300d-4bc5-b0e3-82acbfe55a7b","www.mpg.de","生命科学","0","approved","2026-05-28T14:01:05.278Z","https://www.mpg.de/26539418/biofluorescence-discovered-in-the-fire-salamander?c=2249"
"国际研究","9af801a8-9a86-4c74-90aa-4e49e0cdc5f3","www.mpg.de","生命科学","0","approved","2026-05-28T14:01:19.655Z","https://www.mpg.de/26506120/rainforest-foragers-intensified-plant-use-long-before-agriculture?c=2249"
"国际研究","32aa15b9-fe86-4305-bbbe-ce856504d02d","www.mpg.de","物理","0","approved","2026-05-28T14:07:42.501Z","https://www.mpg.de/26493907/a-twinkling-pulsar-reveals-invisible-structures-in-space?c=2249"
"国际研究","604d8ede-0de7-49c2-93e8-81b3621f1789","www.mpg.de","生命科学","0","approved","2026-05-28T14:08:02.977Z","https://www.mpg.de/26469627/gene-regulators-for-facial-shapes?c=2249"
"国际研究","8537438d-2956-4e6b-a34f-c06a85bd4b66","www.mpg.de","生命科学","0","approved","2026-06-05T15:02:42.352Z","https://www.mpg.de/26546394/plants-hit-the-brakes-on-immunity-to-survive-viral-infections?c=2249"
"国际研究","8abbb079-05f3-46fd-b8a9-c364052eab75","www.mpg.de","生命科学","0","approved","2026-06-05T15:02:44.578Z","https://www.mpg.de/26511515/pigeons-navigate-using-magnetic-sensors-in-their-livers?c=2249"
"国际研究","c8bb41fa-98ec-4af6-a8f9-3956e4606d6c","www.mpg.de","信息科学","0","approved","2026-06-05T15:02:46.111Z","https://www.mpg.de/26548739/cybersecurity-threats-new-language-models-claude-mythos?c=2249"
"国际研究","9de65109-a886-4280-84a0-901085f4f83a","www.mpg.de","生命科学","0","approved","2026-06-05T15:02:46.978Z","https://www.mpg.de/26511515/pigeons-navigate-using-magnetic-sensors-in-their-livers?c=2249"
"国际研究","5938b0d7-2dd1-4da4-96f9-73b47d9e9b84","www.mpg.de","信息科学","0","approved","2026-06-05T15:02:47.945Z","https://www.mpg.de/26548739/cybersecurity-threats-new-language-models-claude-mythos?c=2249"
"国际研究","6a0184aa-8a7b-4256-b256-496f7ea83cec","www.mpg.de","信息科学","0","approved","2026-06-05T15:02:49.708Z","https://www.mpg.de/19142520/artifical-intelligence"
"国际研究","69bea3f2-2069-4705-81da-512720a348c9","www.mpg.de","信息科学","0","approved","2026-06-05T15:02:50.653Z","https://www.mpg.de/19142520/artifical-intelligence"
"国际研究","fdc32ff8-23c1-49bb-ab75-2898938ede77","www.mpg.de","信息科学","0","approved","2026-06-05T15:02:51.495Z","https://www.mpg.de/19142520/artifical-intelligence"
"国际研究","5a8a7863-3da3-49c4-a396-ebec5ff46e19","www.mpg.de","生命科学","0","approved","2026-06-05T15:02:52.977Z","https://www.mpg.de/12034828/behavioral-biology"
"国际研究","1b53d4a9-82b0-480f-afea-671914b2cde0","www.mpg.de","生命科学","0","approved","2026-06-05T15:02:54.117Z","https://www.mpg.de/12641005/immunobiology"
"国际研究","e6f917f0-8579-45b7-a6b6-1dafe2c1e6e4","www.mpg.de","生命科学","0","approved","2026-06-05T15:02:56.889Z","https://www.mpg.de/12642841/plant-research-biology-and-medicine"
"国际研究","5f0d6255-cce2-405d-8cbf-368fa673bb27","www.mpg.de","信息科学","0","approved","2026-06-05T15:02:57.208Z","https://www.mpg.de/12640797/computer-science"
"国际研究","a6329a79-9f83-4f7e-bad3-19238c7f4c05","www.mpg.de","生命科学","0","approved","2026-06-05T15:02:58.412Z","https://www.mpg.de/biodiversity"
"国际研究","473d3b26-1059-4501-b76f-f5cc4c2755f5","www.mpg.de","信息科学","0","approved","2026-06-05T15:02:59.176Z","https://www.mpg.de/12640797/computer-science"
"国际研究","8bd1df97-b4c2-4d11-acaf-ccf4cb830d8c","www.mpg.de","生命科学","0","approved","2026-06-05T15:03:01.685Z","https://www.mpg.de/biodiversity"
"国际研究","4804cfe1-eb59-4281-b7d2-d35d04fd16d3","www.mpg.de","工程","0","approved","2026-06-05T15:03:01.975Z","https://www.mpg.de/12641052/jurisprudence"
"国际研究","a30d11b6-3e7a-4f79-91d3-f2e68df5b4ec","www.mpg.de","生命科学","0","approved","2026-06-05T15:03:02.826Z","https://www.mpg.de/12640851/ecology-biology-medicine"
"国际研究","439b79dd-d514-48e1-a51a-692706469d45","www.mpg.de","综合交叉","0","approved","2026-06-05T15:03:03.496Z","https://www.mpg.de/12641052/jurisprudence"
"国际研究","0f06fa40-7879-467d-a498-f70532701742","www.mpg.de","物理","0","approved","2026-06-05T15:03:08.562Z","https://www.mpg.de/12034788/astrophysics"
"国际研究","8a20cb4b-4234-4a6c-bca2-c4ae1fbfbb7d","www.mpg.de","综合交叉","0","approved","2026-06-05T15:03:08.981Z","https://www.mpg.de/21982750/democracy"
"国际研究","639a8b5e-0b2e-4714-8cb1-99634dd7093b","www.mpg.de","综合交叉","0","approved","2026-06-05T15:03:11.025Z","https://www.mpg.de/21982750/democracy"
"国际研究","45103328-2cb2-4869-b54e-6a28083f5aa3","www.mpg.de","综合交叉","0","approved","2026-06-05T15:03:13.548Z","https://www.mpg.de/11863336/migration"
"国际研究","1d81b32c-467b-4977-9fee-10a8d834d1f1","www.mpg.de","物理","0","approved","2026-06-05T15:03:19.622Z","https://www.mpg.de/12034788/astrophysics"
"国际研究","575f659b-e289-4e36-8610-e9280f201926","www.mpg.de","物理","0","approved","2026-06-05T15:03:22.174Z","https://www.mpg.de/12034788/astrophysics"
"国际研究","62e828bb-0b90-4151-a714-1b1802654205","www.mpg.de","综合交叉","0","approved","2026-06-05T15:03:26.888Z","https://www.mpg.de/11863336/migration"
"国际研究","f9c32300-e6a2-47c0-ba66-bfce0d422c0f","www.mpg.de","综合交叉","0","approved","2026-06-05T15:03:31.753Z","https://www.mpg.de/11863336/migration"
"国际研究","15cd8b97-d020-4208-9743-57f67d51d8b5","www.nature.com","医学","0","approved","2026-05-27T08:01:56.374Z","https://www.nature.com/articles/s41433-026-04343-1/figures/1"
"国际研究","b9337d7b-2580-4b5d-b606-be58b33f1fc9","www.nature.com","生命科学","5","approved","2026-05-28T04:46:43.758Z","https://www.nature.com/nature/volumes/637/issues/8044"
"国际研究","769d362a-7805-431a-8092-cbbc49b0eb8a","www.nature.com","生命科学","5","approved","2026-05-28T04:46:43.933Z","https://www.nature.com/nature/volumes/623/issues/7986"
"国际研究","cfd560da-dfeb-4797-977d-4cf2d7c5faeb","www.nature.com","生命科学","5","approved","2026-05-28T04:46:44.133Z","https://www.nature.com/nature/volumes/609/issues/7929"
"国际研究","d432914d-caaf-496e-93eb-96bac2b7df5e","www.nature.com","环境科学","5","approved","2026-05-28T04:46:44.407Z","https://www.nature.com/nature/volumes/596/issues/7870"
"国际研究","ad072733-491c-4103-9ba2-b6aefa3ed2c0","www.nature.com","生命科学","5","approved","2026-05-28T04:46:44.589Z","https://www.nature.com/nature/volumes/582/issues/7813"
"国际研究","af0e5fa6-329a-4560-a7bd-0738a3e0e3b2","www.nature.com","生命科学","5","approved","2026-05-28T04:46:44.800Z","https://www.nature.com/nature/volumes/568/issues/7751"
"国际研究","98943072-5e27-4e68-8f1e-90902ab92315","www.nature.com","生命科学","5","approved","2026-05-28T04:46:44.955Z","https://www.nature.com/nature/volumes/554/issues/7690"
"国际研究","43bd9579-4012-4269-8512-1016d842acd4","www.nature.com","材料","5","approved","2026-05-28T04:46:45.161Z","https://www.nature.com/nmat/volumes/21/issues/3"
"国际研究","9e1c5099-b200-4f62-9f9f-357cacf5f8bd","www.nature.com","材料","5","approved","2026-05-28T04:46:45.340Z","https://www.nature.com/nmat/volumes/14/issues/9"
"国际研究","af8e29db-e87a-4e58-8f49-a6a2aeb26b49","www.nature.com","材料","5","approved","2026-05-28T04:46:45.478Z","https://www.nature.com/nmat/volumes/7/issues/5"
"国际研究","1f415fdb-76dc-43f8-8723-2bef78209aa1","www.nature.com","物理","5","approved","2026-05-28T04:46:45.665Z","https://www.nature.com/nphys/volumes/21/issues/9"
"国际研究","7e84385a-08bf-4ae0-8f48-89ebc1e2acad","www.nature.com","物理","5","approved","2026-05-28T04:46:45.902Z","https://www.nature.com/nphys/volumes/15/issues/4"
"国际研究","730f9efe-8f82-402d-93de-6b30fa730354","www.nature.com","物理","5","approved","2026-05-28T04:46:46.158Z","https://www.nature.com/nphys/volumes/7/issues/12"
"国际研究","fff3fa5f-cf28-415e-b9ec-44856bdce870","www.nature.com","化学","5","approved","2026-05-28T04:46:46.417Z","https://www.nature.com/nchem/volumes/14/issues/9"
"国际研究","1acf785a-e903-428d-8b4b-dcb44bca1681","www.nature.com","化学","5","approved","2026-05-28T04:46:46.655Z","https://www.nature.com/nchem/volumes/8/issues/3"
"国际研究","b3baff71-d672-48a6-a1ec-4b898c0d3ce4","www.nature.com","化学","5","approved","2026-05-28T04:46:46.998Z","https://www.nature.com/nchem/volumes/1/issues/9"
"国际研究","b989d27a-2403-4846-aca4-8d91108642d3","www.nature.com","生命科学","5","approved","2026-05-28T04:46:47.280Z","https://www.nature.com/ncb/volumes/22/issues/8"
"国际研究","c9e0196f-3cb2-431e-be79-3d4ff8f76cb8","www.nature.com","生命科学","5","approved","2026-05-28T04:46:47.474Z","https://www.nature.com/ncb/volumes/15/issues/2"
"国际研究","1e39fdef-5078-4312-8c2c-c88126f66df7","www.nature.com","生命科学","5","approved","2026-05-28T04:46:47.685Z","https://www.nature.com/nmeth/volumes/22/issues/10"
"国际研究","9ba8220f-2fa1-499b-b4c1-a7ad690cd969","www.nature.com","生命科学","5","approved","2026-05-28T04:46:47.942Z","https://www.nature.com/nmeth/volumes/16/issues/8"
"国际研究","f9d205ae-639f-4f84-b733-ca236ec0e2e1","www.nature.com","生命科学","5","approved","2026-05-28T04:46:48.180Z","https://www.nature.com/nmeth/volumes/10/issues/11"
"国际研究","155424d2-e197-4f81-8e01-57567b8bed9a","www.nature.com","生命科学","5","approved","2026-05-28T04:46:48.536Z","https://www.nature.com/nmeth/volumes/4/issues/4"
"国际研究","bb1bd2bf-758b-4c46-a40e-0e0ebcfb0d35","www.nature.com","材料","5","approved","2026-05-28T04:46:50.617Z","https://www.nature.com/nnano/volumes/17/issues/12"
"国际研究","05bac4f7-d174-4264-a60c-0762ee3a1dbc","www.nature.com","材料","5","approved","2026-05-28T04:46:50.714Z","https://www.nature.com/nnano/volumes/12/issues/8"
"国际研究","5d7865cf-1275-41d0-815f-e4cb549e5b7b","www.nature.com","医学","5","approved","2026-05-28T04:46:50.820Z","https://www.nature.com/nnano/volumes/7/issues/11"
"国际研究","404d8225-4cb6-404a-9917-f7ff948ace5e","www.nature.com","物理","5","approved","2026-05-28T04:46:50.951Z","https://www.nature.com/nphoton/volumes/19/issues/7"
"国际研究","c9a9fecf-999e-4dc3-ac5c-7b8305213774","www.nature.com","物理","5","approved","2026-05-28T04:46:51.066Z","https://www.nature.com/nphoton/volumes/14/issues/7"
"国际研究","7385e81c-0e55-4795-8919-8be6efc56d15","www.nature.com","物理","5","approved","2026-05-28T04:46:51.176Z","https://www.nature.com/nphoton/volumes/8/issues/9"
"国际研究","227d6de4-0120-49b5-be19-ab1ee43220ff","www.nature.com","物理","0","approved","2026-05-29T05:19:47.803Z","https://www.nature.com/articles/s41377-026-02265-x"
"其他来源","3ae6dab9-3d34-4646-90a5-7aebbd44c64e","science.nasa.gov","环境科学","0","approved","2026-05-31T15:22:28.483Z","https://science.nasa.gov/earth/earth-observatory/painting-the-growing-season-in-the-maize-triangle/"
"其他来源","286bffe3-1990-4607-9045-f2e311f19d19","science.nasa.gov","环境科学","0","approved","2026-05-31T15:23:03.294Z","https://science.nasa.gov/earth/earth-observatory/blue-marble-next-generation/base-topography/"
"其他来源","6cf03657-937d-4f53-a3ff-9acbfd0ad811","science.nasa.gov","物理","0","approved","2026-06-05T15:03:34.048Z","https://science.nasa.gov/technology/"
"其他来源","93c2ba35-450d-4a6e-bb62-b7bc7f53e21d","science.nasa.gov","物理","0","approved","2026-06-05T15:03:35.275Z","https://science.nasa.gov/technology/"
"其他来源","5391c4ca-3031-4255-9de8-fc4737d1264e","science.nasa.gov","物理","0","approved","2026-06-05T15:03:36.330Z","https://science.nasa.gov/missions/hubble/hubble-captures-m88-on-journey-to-center-of-virgo-cluster/"
"其他来源","a4df95aa-7cf1-4da7-aae7-988cc4543a09","science.nasa.gov","生命科学","0","approved","2026-06-05T15:03:38.218Z","https://science.nasa.gov/astrobiology/strategy/dares/task-force-1/"
"其他来源","d05d9e10-7fbc-421e-aedb-075de940ff2a","science.nasa.gov","物理","0","approved","2026-06-05T15:03:40.085Z","https://science.nasa.gov/science-research/astromaterials/nasa-uses-mineralogical-marker-to-understand-ancient-martian-climate/"
"其他来源","f68d8eef-bdce-469e-8710-2f003785dd1e","science.nasa.gov","物理","0","approved","2026-06-05T15:03:41.610Z","https://science.nasa.gov/earth/earth-observatory/gravity-waves-from-super-typhoon-sinlaku/"
"其他来源","a40f24e2-a80d-404d-b0ad-9636b995fe4d","science.nasa.gov","物理","0","approved","2026-06-05T15:03:45.241Z","https://science.nasa.gov/solar-system/whats-up-june-2026-skywatching-tips-from-nasa/"
"其他来源","29eec2c1-0676-4ef7-b8b0-5acc7e1c43c9","science.nasa.gov","物理","0","approved","2026-06-05T15:03:47.141Z","https://science.nasa.gov/earth/explore/el-nino/"
"其他来源","18c80309-dffa-4815-99d5-901b320c52db","science.nasa.gov","物理","0","approved","2026-06-05T15:03:49.146Z","https://science.nasa.gov/earth-science/missions/"
"其他来源","c05d19a6-e07b-446b-83f9-622288b82a5e","science.nasa.gov","物理","0","approved","2026-06-05T15:03:53.341Z","https://science.nasa.gov/earth-science/earth-science-at-work/"
"其他来源","bf25f060-5e59-4aad-b119-f791f2e10e6d","science.nasa.gov","物理","0","approved","2026-06-05T15:03:55.684Z","https://science.nasa.gov/asteroids-comets-meteors/"
"其他来源","d1a7fd48-a777-47dc-bc15-17cf021d2356","science.nasa.gov","物理","0","approved","2026-06-05T15:04:00.037Z","https://science.nasa.gov/biological-physical/"
"其他来源","70be8cb2-5383-42b2-951b-149025dddba4","science.nasa.gov","环境科学","0","approved","2026-06-05T15:04:03.230Z","https://science.nasa.gov/climate-change/"
"其他来源","c6ea950f-e820-4ae3-95f0-ac8d7ff49432","science.nasa.gov","物理","0","approved","2026-06-05T15:04:06.916Z","https://science.nasa.gov/solar-system/oort-cloud/"
"其他来源","6906def3-9502-4b07-857c-cbdca3bfef73","science.nasa.gov","物理","0","approved","2026-06-05T15:04:08.845Z","https://science.nasa.gov/universe/the-big-bang/"
"其他来源","9b5c1d81-060b-437c-92a4-9dce2ce71df6","science.nasa.gov","物理","0","approved","2026-06-05T15:04:12.920Z","https://science.nasa.gov/planetary-science/"
"其他来源","d6e401b9-b74d-4fdc-9381-664967118ef5","science.nasa.gov","物理","0","approved","2026-06-05T15:04:17.376Z","https://science.nasa.gov/lunar-science/"
"其他来源","710b860d-f1c6-4fbe-b993-eb30f6a4d107","science.nasa.gov","物理","0","approved","2026-06-05T15:04:19.972Z","https://science.nasa.gov/lunar-science/"
"其他来源","58c3209b-b188-4019-bbfb-82b40addf329","science.nasa.gov","环境科学","0","approved","2026-06-05T15:04:22.099Z","https://science.nasa.gov/earth/earth-observatory/"
"其他来源","97d7dddb-1dfd-4939-b955-6ff7f7e23b7b","science.nasa.gov","物理","0","approved","2026-06-05T15:04:24.222Z","https://science.nasa.gov/mission/webb/"
"其他来源","66cd6d4a-83f8-4d19-88e1-d8dafbb92317","science.nasa.gov","物理","0","approved","2026-06-05T15:04:26.162Z","https://science.nasa.gov/mission/webb/"
"其他来源","c921a973-800e-450e-8980-331d76f18a89","science.nasa.gov","环境科学","0","approved","2026-06-05T15:04:27.984Z","https://science.nasa.gov/earth/explore/"
"其他来源","6490f2b4-1ab7-4dc7-89c5-25c7ab54e2c0","science.nasa.gov","物理","0","approved","2026-06-05T15:04:30.096Z","https://science.nasa.gov/mission/hubble/"
"其他来源","7ff651f9-9d4d-4c10-8a89-b6acbbdc59f3","science.nasa.gov","物理","0","approved","2026-06-05T15:04:34.233Z","https://science.nasa.gov/heliophysics/"
"其他来源","c556b081-51ba-407f-80aa-801c01043e57","science.nasa.gov","综合交叉","0","approved","2026-06-05T15:04:41.550Z","https://science.nasa.gov/earth/facts/"
"其他来源","d489df03-fa93-41e7-9061-508c3174e788","science.nasa.gov","物理","0","approved","2026-06-05T15:04:45.294Z","https://science.nasa.gov/skywatching/"
"其他来源","e875a71b-c573-4b74-bf5a-c672e8fa74b4","science.nasa.gov","物理","0","approved","2026-06-05T15:04:47.214Z","https://science.nasa.gov/exoplanets/"
"其他来源","0596fc36-cd73-4044-ab2c-64ca7d679359","science.nasa.gov","物理","0","approved","2026-06-05T15:04:50.312Z","https://science.nasa.gov/skywatching/"
"其他来源","ef8ba18a-1068-47af-aaaa-b909ccb53538","search.bilibili.com","工程","0","approved","2026-06-05T16:39:24.309Z","https://search.bilibili.com/all?keyword=%E4%B8%8A%E6%B5%B7%E4%BA%A4%E9%80%9A%E5%A4%A7%E5%AD%A6%20%E6%9C%BA%E6%A2%B0%E4%B8%8E%E5%8A%A8%E5%8A%9B%E5%B7%A5%E7%A8%8B%E5%AD%A6%E9%99%A2%20%E7%A7%91%E7%A0%94"
"其他来源","7a63d0f2-b3fa-4a05-b863-a06550bf8c65","search.bilibili.com","医学","0","approved","2026-06-05T16:39:46.426Z","https://search.bilibili.com/all?keyword=%E4%B8%8A%E6%B5%B7%E4%BA%A4%E9%80%9A%E5%A4%A7%E5%AD%A6%20%E8%AE%A1%E7%AE%97%E6%9C%BA%E5%AD%A6%E9%99%A2%20%E7%A7%91%E7%A0%94"
"其他来源","53881c0d-173a-4405-b0e3-dd6ef05bed87","search.bilibili.com","信息科学","0","approved","2026-06-05T16:39:47.225Z","https://search.bilibili.com/all?keyword=%E4%B8%8A%E6%B5%B7%E4%BA%A4%E9%80%9A%E5%A4%A7%E5%AD%A6%20%E8%AE%A1%E7%AE%97%E6%9C%BA%E5%AD%A6%E9%99%A2%20%E7%A7%91%E7%A0%94"
"其他来源","47c4b489-59c2-497c-b5c2-21ccfc9e5c0a","search.bilibili.com","材料","0","approved","2026-06-05T16:40:08.608Z","https://search.bilibili.com/all?keyword=%E4%B8%8A%E6%B5%B7%E4%BA%A4%E9%80%9A%E5%A4%A7%E5%AD%A6%20%E6%9D%90%E6%96%99%E7%A7%91%E5%AD%A6%E4%B8%8E%E5%B7%A5%E7%A8%8B%E5%AD%A6%E9%99%A2%20%E7%A7%91%E7%A0%94"
"其他来源","ac93a2d5-dbd4-4805-b34c-361ca5768e60","search.bilibili.com","工程","0","approved","2026-06-05T16:40:30.257Z","https://search.bilibili.com/all?keyword=%E4%B8%8A%E6%B5%B7%E4%BA%A4%E9%80%9A%E5%A4%A7%E5%AD%A6%20%E8%88%B9%E8%88%B6%E6%B5%B7%E6%B4%8B%E4%B8%8E%E5%BB%BA%E7%AD%91%E5%B7%A5%E7%A8%8B%E5%AD%A6%E9%99%A2"
"其他来源","e75c14d4-4923-4ba3-9cd4-f88f37a511a1","search.bilibili.com","工程","0","approved","2026-06-05T16:40:52.473Z","https://search.bilibili.com/all?keyword=%E5%93%88%E5%B0%94%E6%BB%A8%E5%B7%A5%E4%B8%9A%E5%A4%A7%E5%AD%A6%20%E7%A7%91%E7%A0%94%20%E8%88%AA%E5%A4%A9"
"其他来源","7ef73fe7-e559-441a-8f28-55c1922e2121","search.bilibili.com","信息科学","0","approved","2026-06-05T16:41:02.724Z","https://search.bilibili.com/all?keyword=%E5%93%88%E5%B0%94%E6%BB%A8%E5%B7%A5%E4%B8%9A%E5%A4%A7%E5%AD%A6%20%E6%9C%BA%E5%99%A8%E4%BA%BA%20%E7%A7%91%E7%A0%94"
"其他来源","3b64602e-5260-42e4-b015-c802b15a2c09","search.bilibili.com","工程","0","approved","2026-06-05T16:41:24.723Z","https://search.bilibili.com/all?keyword=%E4%B8%9C%E5%8D%97%E5%A4%A7%E5%AD%A6%20%E7%A7%91%E7%A0%94%20%E5%BB%BA%E7%AD%91"
"其他来源","22ac70ae-74dd-4c82-93a3-e80209debbc7","search.bilibili.com","工程","0","approved","2026-06-05T16:41:25.719Z","https://search.bilibili.com/all?keyword=%E4%B8%9C%E5%8D%97%E5%A4%A7%E5%AD%A6%20%E7%A7%91%E7%A0%94%20%E5%BB%BA%E7%AD%91"
"其他来源","27889fdf-4ce3-4ae0-8521-17b46a688357","search.bilibili.com","工程","0","approved","2026-06-05T16:41:36.219Z","https://search.bilibili.com/all?keyword=%E4%B8%9C%E5%8D%97%E5%A4%A7%E5%AD%A6%20%E6%9C%BA%E5%99%A8%E4%BA%BA%20%E7%A7%91%E7%A0%94"
"其他来源","32dedd19-0e70-4a78-99c0-9641c7f0d1e7","search.bilibili.com","信息科学","0","approved","2026-06-05T16:41:36.767Z","https://search.bilibili.com/all?keyword=%E4%B8%9C%E5%8D%97%E5%A4%A7%E5%AD%A6%20%E6%9C%BA%E5%99%A8%E4%BA%BA%20%E7%A7%91%E7%A0%94"
"其他来源","3b40f908-92fc-46c3-8bdb-97726da78ac4","search.bilibili.com","工程","0","approved","2026-06-05T16:43:30.004Z","https://search.bilibili.com/all?keyword=%E4%B8%8A%E6%B5%B7%E4%BA%A4%E9%80%9A%E5%A4%A7%E5%AD%A6%20%E6%9C%BA%E6%A2%B0%E4%B8%8E%E5%8A%A8%E5%8A%9B%E5%B7%A5%E7%A8%8B%E5%AD%A6%E9%99%A2%20%E7%A7%91%E7%A0%94"
"其他来源","a18423d4-0573-4cfe-a4a2-a1f1fdd85623","search.bilibili.com","信息科学","0","approved","2026-06-05T16:43:42.381Z","https://search.bilibili.com/all?keyword=%E4%B8%8A%E6%B5%B7%E4%BA%A4%E9%80%9A%E5%A4%A7%E5%AD%A6%20%E8%AE%A1%E7%AE%97%E6%9C%BA%E5%AD%A6%E9%99%A2%20%E7%A7%91%E7%A0%94"
"其他来源","07f1cb2d-599a-4800-aae2-0c4accf2a045","search.bilibili.com","信息科学","0","approved","2026-06-05T16:43:43.249Z","https://search.bilibili.com/all?keyword=%E4%B8%8A%E6%B5%B7%E4%BA%A4%E9%80%9A%E5%A4%A7%E5%AD%A6%20%E8%AE%A1%E7%AE%97%E6%9C%BA%E5%AD%A6%E9%99%A2%20%E7%A7%91%E7%A0%94"
"其他来源","2d904f8e-0a7a-42ce-9e1a-c820f98da624","search.bilibili.com","材料","0","approved","2026-06-05T16:43:56.752Z","https://search.bilibili.com/all?keyword=%E4%B8%8A%E6%B5%B7%E4%BA%A4%E9%80%9A%E5%A4%A7%E5%AD%A6%20%E6%9D%90%E6%96%99%E7%A7%91%E5%AD%A6%E4%B8%8E%E5%B7%A5%E7%A8%8B%E5%AD%A6%E9%99%A2%20%E7%A7%91%E7%A0%94"
"其他来源","33824f13-229d-4c0f-8a83-729840a66261","search.bilibili.com","工程","0","approved","2026-06-05T16:44:07.680Z","https://search.bilibili.com/all?keyword=%E4%B8%8A%E6%B5%B7%E4%BA%A4%E9%80%9A%E5%A4%A7%E5%AD%A6%20%E8%88%B9%E8%88%B6%E6%B5%B7%E6%B4%8B%E4%B8%8E%E5%BB%BA%E7%AD%91%E5%B7%A5%E7%A8%8B%E5%AD%A6%E9%99%A2"
"其他来源","c1d98f45-e146-4d24-bf83-aed42bd5d993","search.bilibili.com","综合交叉","0","approved","2026-06-05T16:44:19.218Z","https://search.bilibili.com/all?keyword=%E5%93%88%E5%B0%94%E6%BB%A8%E5%B7%A5%E4%B8%9A%E5%A4%A7%E5%AD%A6%20%E7%A7%91%E7%A0%94%20%E8%88%AA%E5%A4%A9"
"其他来源","cf81eef6-1e46-415f-bea5-f4e768e3ca6c","search.bilibili.com","工程","0","approved","2026-06-05T16:44:20.622Z","https://search.bilibili.com/all?keyword=%E5%93%88%E5%B0%94%E6%BB%A8%E5%B7%A5%E4%B8%9A%E5%A4%A7%E5%AD%A6%20%E7%A7%91%E7%A0%94%20%E8%88%AA%E5%A4%A9"
"其他来源","43ad339a-af9a-462a-ad9d-79b57c1e5a9a","search.bilibili.com","不确定","0","approved","2026-06-05T16:44:22.602Z","https://search.bilibili.com/all?keyword=%E5%93%88%E5%B0%94%E6%BB%A8%E5%B7%A5%E4%B8%9A%E5%A4%A7%E5%AD%A6%20%E7%A7%91%E7%A0%94%20%E8%88%AA%E5%A4%A9"
"其他来源","7041b716-42bc-4b23-bc53-f5b964685039","search.bilibili.com","工程","0","approved","2026-06-05T16:44:33.578Z","https://search.bilibili.com/all?keyword=%E4%B8%9C%E5%8D%97%E5%A4%A7%E5%AD%A6%20%E7%A7%91%E7%A0%94%20%E5%BB%BA%E7%AD%91"
"其他来源","c6bdbd4f-2da6-4f67-a817-4366da913ff5","search.bilibili.com","信息科学","0","approved","2026-06-06T04:33:45.769Z","https://search.bilibili.com/all?keyword=%E4%B8%8A%E6%B5%B7%E4%BA%A4%E9%80%9A%E5%A4%A7%E5%AD%A6%20%E8%AE%A1%E7%AE%97%E6%9C%BA%E5%AD%A6%E9%99%A2%20%E7%A7%91%E7%A0%94"
"其他来源","e1c69beb-0863-4893-af6d-c85865caf316","search.bilibili.com","信息科学","0","approved","2026-06-06T04:33:46.865Z","https://search.bilibili.com/all?keyword=%E4%B8%8A%E6%B5%B7%E4%BA%A4%E9%80%9A%E5%A4%A7%E5%AD%A6%20%E8%AE%A1%E7%AE%97%E6%9C%BA%E5%AD%A6%E9%99%A2%20%E7%A7%91%E7%A0%94"
"其他来源","97d6e45c-f202-4aa5-b65f-296d59156455","search.bilibili.com","信息科学","0","approved","2026-06-06T04:33:48.000Z","https://search.bilibili.com/all?keyword=%E4%B8%8A%E6%B5%B7%E4%BA%A4%E9%80%9A%E5%A4%A7%E5%AD%A6%20%E8%AE%A1%E7%AE%97%E6%9C%BA%E5%AD%A6%E9%99%A2%20%E7%A7%91%E7%A0%94"
"其他来源","7fac28ad-2bcd-4fdd-b206-3f11e7e49c09","search.bilibili.com","工程","0","approved","2026-06-06T04:33:59.822Z","https://search.bilibili.com/all?keyword=%E5%93%88%E5%B0%94%E6%BB%A8%E5%B7%A5%E4%B8%9A%E5%A4%A7%E5%AD%A6%20%E7%A7%91%E7%A0%94%20%E8%88%AA%E5%A4%A9"
"其他来源","e8089b12-2d0f-42b4-8eb6-393dd2130212","search.bilibili.com","工程","0","approved","2026-06-06T04:34:07.994Z","https://search.bilibili.com/all?keyword=%E5%93%88%E5%B0%94%E6%BB%A8%E5%B7%A5%E4%B8%9A%E5%A4%A7%E5%AD%A6%20%E7%A7%91%E7%A0%94%20%E8%88%AA%E5%A4%A9"
"其他来源","908bc6ef-5a90-4439-995e-bd92d9c927ed","search.bilibili.com","综合交叉","0","approved","2026-06-06T04:34:19.863Z","https://search.bilibili.com/all?keyword=%E4%B8%9C%E5%8D%97%E5%A4%A7%E5%AD%A6%20%E7%A7%91%E7%A0%94%20%E5%BB%BA%E7%AD%91"
"其他来源","5d7777c3-003a-4bf3-8a04-5569f6a80ac8","search.bilibili.com","工程","0","approved","2026-06-06T04:34:20.776Z","https://search.bilibili.com/all?keyword=%E4%B8%9C%E5%8D%97%E5%A4%A7%E5%AD%A6%20%E7%A7%91%E7%A0%94%20%E5%BB%BA%E7%AD%91"
"其他来源","1eea896e-3b62-43ed-b899-a593e881d4ed","search.bilibili.com","信息科学","0","approved","2026-06-06T04:35:47.349Z","https://search.bilibili.com/all?keyword=%E4%B8%8A%E6%B5%B7%E4%BA%A4%E9%80%9A%E5%A4%A7%E5%AD%A6%20%E8%AE%A1%E7%AE%97%E6%9C%BA%E5%AD%A6%E9%99%A2%20%E7%A7%91%E7%A0%94"
"其他来源","e7c5a133-90d6-4d8d-8d34-4eb68f3633de","search.bilibili.com","工程","0","approved","2026-06-06T04:35:59.375Z","https://search.bilibili.com/all?keyword=%E5%93%88%E5%B0%94%E6%BB%A8%E5%B7%A5%E4%B8%9A%E5%A4%A7%E5%AD%A6%20%E7%A7%91%E7%A0%94%20%E8%88%AA%E5%A4%A9"
"其他来源","f2827e84-99cc-41b5-878d-48788e42052c","search.bilibili.com","工程","0","approved","2026-06-06T04:36:58.362Z","https://search.bilibili.com/all?keyword=%E4%B8%9C%E5%8D%97%E5%A4%A7%E5%AD%A6%20%E7%A7%91%E7%A0%94%20%E5%BB%BA%E7%AD%91"
"其他来源","a4dbffeb-b9cc-46a7-8a71-1879cdbf19b3","www.cas.cn","环境科学","0","approved","2026-05-28T16:47:41.125Z","https://www.cas.cn/syky/202605/t20260525_5110426.shtml"
"其他来源","07ff71e1-358b-4481-bbcc-f14758035810","www.cas.cn","材料","0","approved","2026-05-28T16:47:41.589Z","https://www.cas.cn/syky/202605/t20260525_5110432.shtml"
"其他来源","7aee9543-6ad6-45bd-a6de-41c97c9c6d00","www.cas.cn","工程","0","approved","2026-05-28T16:47:42.281Z","https://www.cas.cn/syky/202605/t20260525_5110430.shtml"
"其他来源","a02693bc-d9f0-4613-9caf-cb07807351ff","www.cas.cn","生命科学","0","approved","2026-05-28T16:47:42.796Z","https://www.cas.cn/syky/202605/t20260527_5110994.shtml"
"其他来源","c7b334c7-3b7f-4fc6-86f6-6b4e41f07c3e","www.cas.cn","医学","0","approved","2026-05-28T16:50:14.318Z","https://www.cas.cn/cg/zh/202605/t20260518_5109845.shtml"
"其他来源","2fc27090-f9a3-4cd2-ac09-cad86aeba12e","www.cas.cn","工程","0","approved","2026-05-28T16:50:15.355Z","https://www.cas.cn/cg/zh/202603/t20260313_5104166.shtml"
"其他来源","868827d6-110e-4dd6-9b05-f2e8f92926e1","www.cas.cn","化学","0","approved","2026-05-28T16:50:16.362Z","https://www.cas.cn/cg/zh/202601/t20260115_5096216.shtml"
"其他来源","a4957bb6-3b92-46f9-b836-a7addeec9003","www.cas.cn","工程","0","approved","2026-05-28T16:50:17.326Z","https://www.cas.cn/syky/202605/t20260527_5110974.shtml"
"其他来源","9dadfd54-f610-4ed9-9b5a-7300617eec22","www.cas.cn","工程","0","approved","2026-05-28T16:51:22.227Z","https://www.cas.cn/cg/zh/202601/t20260107_5095421.shtml"
"其他来源","7eaa132f-c82e-4566-8d09-aa25a16494da","www.cas.cn","工程","0","approved","2026-05-28T16:51:23.367Z","https://www.cas.cn/cg/zh/202512/t20251225_5093709.shtml"
"其他来源","87f11bac-d692-4f3c-a3bc-04028a715b9e","www.cas.cn","工程","0","approved","2026-05-28T16:51:24.502Z","https://www.cas.cn/cg/zh/202508/t20250811_5079433.shtml"
"其他来源","17420eca-30ce-4a3f-be7b-c06065a89f04","www.cas.cn","工程","0","approved","2026-05-28T16:51:25.088Z","https://www.cas.cn/cg/zh/202509/t20250901_5080992.shtml"
"其他来源","c7525566-38e7-44ea-b427-aec5fd07eb73","www.cas.cn","材料","0","approved","2026-05-28T16:51:25.799Z","https://www.cas.cn/cg/zh/202505/t20250514_5068220.shtml"
"其他来源","200cac88-c93e-4c16-ba10-1aa2416511e6","www.cas.cn","工程","0","approved","2026-05-28T16:51:26.280Z","https://www.cas.cn/cg/zh/202504/t20250402_5061006.shtml"
"其他来源","6bd51c76-ed53-4531-8d6e-f95e2254cb7f","www.cas.cn","工程","0","approved","2026-05-28T16:51:27.081Z","https://www.cas.cn/cg/zh/202503/t20250303_5048574.shtml"
"其他来源","20455b73-a74d-4111-b666-c4cab68ede90","www.cas.cn","工程","0","approved","2026-05-28T16:51:27.672Z","https://www.cas.cn/cg/zh/202501/t20250107_5044432.shtml"
"其他来源","1449feaa-7500-4226-88d5-f12379c0b80a","www.cas.cn","生命科学","0","approved","2026-05-28T16:51:39.515Z","https://www.cas.cn/syky/202605/t20260525_5110434.shtml"
"其他来源","f6bf410d-1199-4b52-8c9b-77f850d9be66","www.cas.cn","工程","0","approved","2026-05-28T16:51:39.747Z","https://www.cas.cn/cg/zh/202501/t20250103_5044156.shtml"
"其他来源","f1e2f4cf-b09e-4f16-9381-74a9d4f3b39c","www.cas.cn","生命科学","0","approved","2026-05-28T16:51:42.834Z","https://www.cas.cn/syky/202605/t20260519_5109946.shtml"
"其他来源","bb5946ae-de42-42ef-8ef9-600c50478a1a","www.cas.cn","生命科学","0","approved","2026-05-28T16:51:44.894Z","https://www.cas.cn/syky/202605/t20260514_5109616.shtml"
"其他来源","ea4dcc07-5fd0-4376-b20d-5ab90d042ccd","www.cas.cn","生命科学","0","approved","2026-05-28T16:51:45.530Z","https://www.cas.cn/syky/202605/t20260506_5108711.shtml"
"其他来源","36c6e54e-6377-4b1d-83a2-8aa9871b8c8e","www.cas.cn","材料","0","approved","2026-05-28T16:51:45.849Z","https://www.cas.cn/syky/202605/t20260511_5109164.shtml"
"其他来源","dac34ebb-1b53-4791-89b4-b7398d4ce108","www.cas.cn","生命科学","0","approved","2026-05-28T16:51:46.540Z","https://www.cas.cn/syky/202604/t20260427_5108178.shtml"
"其他来源","a5665116-c552-48a4-b111-1daac1bdbbaf","www.cas.cn","化学","0","approved","2026-05-28T16:51:46.788Z","https://www.cas.cn/syky/202605/t20260506_5108718.shtml"
"其他来源","c22ff502-79fe-49e3-b58e-41dab11febfd","www.cas.cn","材料","0","approved","2026-05-28T16:51:47.165Z","https://www.cas.cn/syky/202605/t20260506_5108714.shtml"
"其他来源","7f4413ad-af05-4444-adfc-87fa474c5590","www.cas.cn","医学","0","approved","2026-05-28T16:51:47.558Z","https://www.cas.cn/syky/202605/t20260507_5108822.shtml"
"其他来源","7d5a9d7f-c9e4-47cb-be57-6072f1c651cf","www.cas.cn","生命科学","0","approved","2026-05-28T16:51:47.993Z","https://www.cas.cn/syky/202604/t20260430_5108448.shtml"
"其他来源","86658077-d9b8-4b5b-8b10-67160c4cb875","www.cas.cn","医学","0","approved","2026-05-28T16:51:48.124Z","https://www.cas.cn/syky/202603/t20260325_5105067.shtml"
"其他来源","9f064aa0-a89c-4c04-842f-f7cef3831435","www.cas.cn","工程","0","approved","2026-05-28T16:51:48.521Z","https://www.cas.cn/cg/zh/202504/t20250428_5066473.shtml"
"其他来源","b0c42765-d3e5-4298-9ba6-a2000ed4ab26","www.cas.cn","工程","0","approved","2026-05-28T16:51:48.909Z","https://www.cas.cn/cg/zh/202501/t20250113_5044826.shtml"
"其他来源","8607a29e-81c8-41ad-a6ba-2ff68c95c7a2","www.harvard.edu","综合交叉","0","approved","2026-06-10T04:36:08.329Z","https://www.harvard.edu/in-focus/the-olympics/"
"其他来源","3aebab8e-20a6-4838-a595-230e2e96adbc","www.harvard.edu","医学","0","approved","2026-06-10T04:36:11.596Z","https://www.harvard.edu/in-focus/innovation/"
"其他来源","81344347-f642-4a78-ab0e-ef0915c97765","www.harvard.edu","信息科学","0","approved","2026-06-10T04:36:16.988Z","https://www.harvard.edu/in-focus/artificial-intelligence/"
"其他来源","8c8313b8-67e1-4396-a1a1-dfb6ed637e47","www.harvard.edu","生命科学","0","approved","2026-06-10T04:36:22.403Z","https://www.harvard.edu/in-focus/immunology/"
"其他来源","7ecd0c95-b2f3-40de-be12-10bb8a9ae051","www.harvard.edu","信息科学","0","approved","2026-06-10T04:36:25.866Z","https://www.harvard.edu/in-focus/public-service-public-good/"
"其他来源","026860dd-5f18-4fe0-9871-6f701668bfa5","www.harvard.edu","医学","0","approved","2026-06-10T04:36:30.615Z","https://www.harvard.edu/in-focus/driving-american-innovation/"
"其他来源","4cd909a6-8c50-4a3d-8f82-06e9bdc00709","www.harvard.edu","生命科学","0","approved","2026-06-10T04:36:34.207Z","https://www.harvard.edu/in-focus/what-we-learned-in-2024/"
"其他来源","eed65397-16c7-4908-a77b-c9d026c71c84","www.harvard.edu","综合交叉","0","approved","2026-06-10T04:36:38.320Z","https://www.harvard.edu/in-focus/native-american-heritage-month/"
"其他来源","51c7a7e2-938b-4b6d-9ab7-2cd92a00ee79","www.harvard.edu","综合交叉","0","approved","2026-06-10T04:36:41.849Z","https://www.harvard.edu/in-focus/gratitude/"
"其他来源","eb4a5e4d-b84b-46c7-91b5-e1b029e68354","www.harvard.edu","综合交叉","0","approved","2026-06-10T04:36:44.458Z","https://www.harvard.edu/in-focus/womens-history-month/"
"其他来源","65dbf544-4703-484c-b1e6-1d436e62cedb","www.harvard.edu","不确定","0","approved","2026-06-10T04:36:49.066Z","https://www.harvard.edu/in-focus/remembering-september-11/"
"其他来源","62eab14b-e77f-4707-8107-a2a5b9d938a8","www.harvard.edu","生命科学","0","approved","2026-06-10T04:36:51.899Z","https://www.harvard.edu/in-focus/student-research/"
"其他来源","1a0e5baa-b262-481c-b529-ed5fde31746f","www.harvard.edu","医学","0","approved","2026-06-10T04:36:55.920Z","https://www.harvard.edu/in-focus/progress-at-risk/"
"其他来源","95e32b16-a796-41fa-87f5-de12506063a6","www.harvard.edu","环境科学","0","approved","2026-06-10T04:36:58.794Z","https://www.harvard.edu/in-focus/climate/"
"其他来源","543a536a-55b8-497f-b873-3e7c237f62a5","www.harvard.edu","生命科学","0","approved","2026-06-10T04:37:02.862Z","https://www.harvard.edu/in-focus/nobels-at-harvard/"
"其他来源","a693e097-8a91-4dc6-af30-73b62bf51fdf","www.harvard.edu","生命科学","0","approved","2026-06-10T04:37:06.968Z","https://www.harvard.edu/in-focus/immune-system/"
"其他来源","e0dd2dfd-81c7-4fc7-8828-8118160f7dda","www.harvard.edu","生命科学","0","approved","2026-06-10T04:37:09.955Z","https://www.harvard.edu/in-focus/early-development/"
"其他来源","b67fa893-920b-48f9-b568-329298015fc4","www.harvard.edu","生命科学","0","approved","2026-06-10T04:37:14.436Z","https://www.harvard.edu/in-focus/microorganisms/"
"其他来源","dee793f0-d9ca-47e1-8265-38eae8da33c4","www.harvard.edu","综合交叉","0","approved","2026-06-10T04:37:17.857Z","https://www.harvard.edu/in-focus/the-great-migration/"
"其他来源","0877ca20-ebf1-4b92-ad71-416af5ad1abd","www.harvard.edu","不确定","0","approved","2026-06-10T04:37:21.750Z","https://www.harvard.edu/in-focus/black-history-month/"
"其他来源","756d9935-d97b-4780-9bf9-68179782c00e","www.harvard.edu","综合交叉","0","approved","2026-06-10T04:37:24.254Z","https://www.harvard.edu/in-focus/happy-halloween/"
"其他来源","e3c671fe-f789-4822-b472-b05008dd69ae","www.harvard.edu","医学","0","approved","2026-06-10T04:37:28.411Z","https://www.harvard.edu/in-focus/covid-19/"
"其他来源","724c101f-1a9b-46de-a9de-f8920808729b","www.harvard.edu","工程","0","approved","2026-06-10T04:37:31.979Z","https://www.harvard.edu/in-focus/water/"
"其他来源","a349ebda-e821-402f-abfc-a37b7038614e","www.harvard.edu","物理","0","approved","2026-06-10T04:37:38.367Z","https://www.harvard.edu/in-focus/space/"
"其他来源","4a6edf05-c5af-4230-abe2-24a7c16abe68","www.harvard.edu","综合交叉","0","approved","2026-06-10T04:37:42.850Z","https://www.harvard.edu/in-focus/poetry/"
"其他来源","41a6ee89-55cb-4d8a-a50f-2b1c903f7c6c","www.harvard.edu","工程","0","approved","2026-06-10T04:37:47.046Z","https://www.harvard.edu/in-focus/housing/"
"其他来源","db4a0129-e648-456b-a48b-00ac5d7333d4","www.harvard.edu","综合交叉","0","approved","2026-06-10T04:37:51.626Z","https://www.harvard.edu/in-focus/migration/"
"其他来源","563207eb-321e-428c-8c75-27e42e1a38cf","www.harvard.edu","医学","0","approved","2026-06-10T04:37:59.333Z","https://www.harvard.edu/in-focus/heart-health/"
"其他来源","46ab0e7b-25d0-45d6-b887-64f703acf351","www.harvard.edu","医学","0","approved","2026-06-10T04:38:05.895Z","https://www.harvard.edu/in-focus/sleep/"
"其他来源","b1447d21-a383-4d6f-ab97-d0a55cd9ecd3","www.harvard.edu","综合交叉","0","approved","2026-06-10T04:38:15.364Z","https://www.harvard.edu/about/history/timeline/"
"交大现状","1d0ba89c-0452-493e-8f2a-09ead28e6bc6","ime.sjtu.edu.cn","工程","0","approved","2026-06-05T09:45:41.884Z","https://ime.sjtu.edu.cn/gywm/jgsz/dzzhb.htm"
"交大现状","89d53a58-b976-4ed7-b316-b1fe95dd9051","ime.sjtu.edu.cn","工程","0","approved","2026-06-05T09:45:43.540Z","https://ime.sjtu.edu.cn/info/1301/12651.htm"
"交大现状","67c06f18-f4f0-466c-b9ad-3c30f7559181","ime.sjtu.edu.cn","综合交叉","0","approved","2026-06-05T09:53:15.296Z","https://mp.weixin.qq.com/s/lzObR_xgdU49JBf0qW81zQ"
"交大现状","3348fcad-758b-488a-a919-4aa176236e59","ime.sjtu.edu.cn","工程","0","approved","2026-06-05T09:53:23.657Z","https://mp.weixin.qq.com/s/uP5LBIf9-qbK88Mrfz80nw"
"交大现状","59ffd4f7-d13b-4076-9f37-3d83a68ffc3f","ime.sjtu.edu.cn","工程","0","approved","2026-06-05T09:53:27.907Z","https://mp.weixin.qq.com/s/5iMUN3xkPWODXr42ez9zQw"
"交大现状","3c6915ca-95b7-4d9d-bab5-729d8c0425f1","ime.sjtu.edu.cn","工程","0","approved","2026-06-05T09:53:34.606Z","https://mp.weixin.qq.com/s/nFfmmZTuvEgSnCcPyxkt-w"
"交大现状","14bfbaeb-97fd-4b0e-b9e2-72e446f4e2e9","ime.sjtu.edu.cn","综合交叉","0","approved","2026-06-05T09:53:41.256Z","https://mp.weixin.qq.com/s/F1V082RUMtp92x3QxESNVQ"
"交大现状","0f9a6016-e3cb-4f1f-94f0-3b67c1e3d8c0","ime.sjtu.edu.cn","工程","0","approved","2026-06-08T09:37:36.280Z","https://ime.sjtu.edu.cn/index.htm"
"交大现状","35ce70b2-f201-4ca7-a939-59d2360aed49","ime.sjtu.edu.cn","综合交叉","0","approved","2026-06-08T09:37:36.352Z","https://ime.sjtu.edu.cn/info/1321/11431.htm"
"交大现状","39bb5b23-0ad2-4628-b1a7-f6410e07eb75","ime.sjtu.edu.cn","工程","0","approved","2026-06-08T09:37:36.410Z","https://ime.sjtu.edu.cn/info/1211/9291.htm"
"交大现状","33612b1c-70ab-470d-be12-7988d604a127","ime.sjtu.edu.cn","不确定","0","approved","2026-06-08T09:37:36.450Z","https://ime.sjtu.edu.cn/info/1301/9491.htm"
"交大现状","e3230479-553f-4878-b309-c7a4ca0d410c","ime.sjtu.edu.cn","综合交叉","0","approved","2026-06-08T09:37:36.475Z","https://ime.sjtu.edu.cn/info/1251/13251.htm"
"交大现状","4ff3ddcb-c968-4880-84da-4627f247869f","ime.sjtu.edu.cn","不确定","0","approved","2026-06-08T09:37:36.519Z","https://ime.sjtu.edu.cn/info/1251/13641.htm"
"交大现状","eb38a1e0-5ea6-45a2-97bd-c1a6381c2ee7","ime.sjtu.edu.cn","工程","0","approved","2026-06-08T09:37:36.561Z","https://ime.sjtu.edu.cn/info/1211/9671.htm"
"交大现状","c2318e08-a4e3-4512-8daf-1ce5abc32966","ime.sjtu.edu.cn","不确定","0","approved","2026-06-08T09:37:36.603Z","https://ime.sjtu.edu.cn/info/1301/2011.htm"
"交大现状","9547a656-3235-4a96-8ca8-2fe549356ae1","ime.sjtu.edu.cn","工程","0","approved","2026-06-08T09:37:36.638Z","https://ime.sjtu.edu.cn/info/1211/9681.htm"
"交大现状","e15b8497-78e1-4023-b313-d47b2abda92f","ime.sjtu.edu.cn","工程","0","approved","2026-06-08T09:37:36.665Z","https://ime.sjtu.edu.cn/info/1211/9671.htm"
"交大现状","8841c6a2-b715-4abb-95b1-b053b82de0ce","ime.sjtu.edu.cn","不确定","0","approved","2026-06-08T09:37:36.694Z","https://ime.sjtu.edu.cn/index.htm"
"交大现状","3b99f5e0-eb1a-43dd-a504-faa5d5208464","ime.sjtu.edu.cn","不确定","0","approved","2026-06-08T09:37:36.720Z","https://ime.sjtu.edu.cn/info/1301/12631.htm"
"交大现状","f3f77e1d-de53-491b-878b-68f9cb836fe5","ime.sjtu.edu.cn","工程","0","approved","2026-06-08T09:37:36.760Z","https://ime.sjtu.edu.cn/info/1321/11681.htm"
"交大现状","9ecf5f77-5d74-43bf-8aaa-602e27095147","ime.sjtu.edu.cn","材料","0","approved","2026-06-08T09:37:36.792Z","https://ime.sjtu.edu.cn/info/1211/9681.htm"
"交大现状","a648f6d7-10e8-499e-9d57-73e9b42c42c1","ime.sjtu.edu.cn","综合交叉","0","approved","2026-06-08T09:37:36.816Z","https://ime.sjtu.edu.cn/info/1301/2041.htm"
"交大现状","e5c27f8a-adfc-4acf-9762-1583d535fb14","ime.sjtu.edu.cn","工程","0","approved","2026-06-08T09:37:36.856Z","https://ime.sjtu.edu.cn/info/1321/11681.htm"
"交大现状","50510ba5-a038-4d09-98cf-d0d2aeabae9a","ime.sjtu.edu.cn","工程","0","approved","2026-06-08T09:37:36.891Z","https://ime.sjtu.edu.cn/index.htm"
"交大现状","138a3e1c-e708-4c59-aa72-38fcb0547b65","ime.sjtu.edu.cn","工程","0","approved","2026-06-08T09:37:36.924Z","https://ime.sjtu.edu.cn/info/1321/11681.htm"
"交大现状","5e63793f-0f13-4ec4-8f6b-393130c7fec4","ime.sjtu.edu.cn","不确定","0","approved","2026-06-08T09:37:36.944Z","https://ime.sjtu.edu.cn/index.htm"
"交大现状","c500a996-a4dc-4177-b503-e0424243786a","ime.sjtu.edu.cn","综合交叉","0","approved","2026-06-08T09:37:36.969Z","https://ime.sjtu.edu.cn/info/1321/11681.htm"
"交大现状","88c6e5fc-025f-42ac-a8ec-cc759a9cbd9b","ime.sjtu.edu.cn","工程","0","approved","2026-06-08T09:37:37.004Z","https://ime.sjtu.edu.cn/info/1321/11431.htm"
"交大现状","8e0d6273-c75c-447f-88ea-2497088fd507","ime.sjtu.edu.cn","不确定","0","approved","2026-06-08T09:37:37.034Z","https://ime.sjtu.edu.cn/index.htm"
"交大现状","e753b419-6e40-4031-bb32-cad82b5dd0fb","ime.sjtu.edu.cn","信息科学","0","approved","2026-06-08T09:37:37.092Z","https://ime.sjtu.edu.cn/info/1281/8371.htm"